ID_Cliente,Edad,Género,Trabajo,Estado_Civil,Región,Ingreso_Anual,Tipo_Vehículo,Prima_Seguros,Número_Siniestros,Cliente_Fiel,Actividad_Compra
1,56,Masculino,Abogado,Soltero,Oeste,36625,Moto,242,0,Sí,Alta
2,69,Femenino,Desempleado,Soltero,Este,42076,Coche,1064,0,Sí,Alta
3,46,Masculino,Administrativo,Casado,Este,79805,Moto,1468,2,Sí,Alta
4,32,Femenino,Desempleado,Soltero,Oeste,59605,Moto,1510,2,Sí,Alta
5,60,Masculino,Abogado,Casado,Oeste,54121,Moto,1578,1,No,Media
6,25,Masculino,Administrativo,Divorciado,Oeste,80101,Coche,984,0,Sí,Baja
7,38,Femenino,Comerciante,Divorciado,Sur,46433,SUV,675,0,Sí,Media
8,56,Masculino,Abogado,Soltero,Oeste,58309,Coche,282,1,No,Media
9,36,Masculino,Médico,Casado,Norte,82468,Moto,1333,0,Sí,Baja
10,40,Masculino,Profesor,Divorciado,Este,59254,Coche,389,2,Sí,Alta
11,28,Masculino,Ingeniero,Casado,Sur,82293,Furgoneta,999,0,Sí,Baja
12,28,Masculino,Desempleado,Casado,Oeste,52853,SUV,1135,1,No,Media
13,41,Masculino,Estudiante,Soltero,Sur,53405,Coche,450,1,Sí,Media
14,70,Femenino,Estudiante,Divorciado,Oeste,81652,Furgoneta,1947,0,Sí,Media
15,53,Masculino,Comerciante,Soltero,Sur,58527,SUV,490,1,Sí,Media
16,57,Masculino,Administrativo,Soltero,Este,15492,Furgoneta,1868,2,Sí,Alta
17,41,Femenino,Estudiante,Divorciado,Este,23811,SUV,1424,1,Sí,Media
18,20,Femenino,Médico,Divorciado,Norte,39272,Coche,525,0,Sí,Alta
19,39,Femenino,Desempleado,Casado,Norte,87010,Furgoneta,1734,0,Sí,Baja
20,70,Femenino,Abogado,Divorciado,Oeste,62153,Moto,1632,1,No,Media
21,19,Femenino,Médico,Casado,Este,69110,Furgoneta,1830,0,Sí,Alta
22,41,Femenino,Comerciante,Casado,Sur,28979,SUV,1036,0,Sí,Media
23,61,Femenino,Médico,Casado,Sur,43328,Coche,707,2,Sí,Alta
24,47,Masculino,Abogado,Divorciado,Sur,27867,SUV,930,1,Sí,Media
25,55,Masculino,Profesor,Soltero,Norte,74234,Furgoneta,1824,0,No,Baja
26,19,Femenino,Comerciante,Casado,Sur,40851,Furgoneta,271,1,Sí,Media
27,38,Masculino,Profesor,Soltero,Norte,46279,Moto,1470,1,Sí,Alta
28,50,Masculino,Ingeniero,Soltero,Norte,88402,Coche,840,0,No,Media
29,29,Masculino,Profesor,Divorciado,Oeste,30449,Coche,1947,1,Sí,Media
30,39,Femenino,Ingeniero,Soltero,Sur,20451,Furgoneta,1139,2,Sí,Baja
31,61,Femenino,Ingeniero,Soltero,Sur,56316,Coche,807,0,Sí,Alta
32,42,Masculino,Profesor,Divorciado,Este,78064,Moto,1810,0,Sí,Media
33,66,Femenino,Comerciante,Casado,Oeste,78761,SUV,765,0,Sí,Media
34,44,Masculino,Administrativo,Soltero,Este,53870,Coche,1567,0,Sí,Alta
35,59,Masculino,Abogado,Divorciado,Oeste,45873,Furgoneta,253,0,Sí,Media
36,45,Masculino,Médico,Soltero,Sur,73627,SUV,1953,0,No,Media
37,33,Masculino,Médico,Soltero,Norte,81155,SUV,727,0,Sí,Baja
38,32,Femenino,Abogado,Casado,Norte,40372,Moto,810,2,Sí,Baja
39,64,Femenino,Desempleado,Soltero,Norte,18642,Furgoneta,1755,0,Sí,Media
40,68,Femenino,Desempleado,Divorciado,Norte,43001,Coche,1781,1,Sí,Media
41,61,Masculino,Ingeniero,Soltero,Norte,49064,Furgoneta,392,2,Sí,Alta
42,72,Femenino,Ingeniero,Casado,Este,29122,SUV,257,1,No,Baja
43,69,Masculino,Comerciante,Casado,Oeste,39820,Furgoneta,1660,2,No,Baja
44,74,Femenino,Estudiante,Divorciado,Sur,83431,Coche,1334,0,No,Baja
45,20,Masculino,Profesor,Casado,Este,70745,Coche,328,0,No,Media
46,54,Masculino,Ingeniero,Soltero,Oeste,65081,Moto,905,1,Sí,Media
47,68,Masculino,Médico,Casado,Norte,85902,Coche,1051,1,Sí,Baja
48,24,Femenino,Comerciante,Divorciado,Oeste,23711,Coche,1549,0,Sí,Media
49,38,Femenino,Profesor,Casado,Oeste,33793,Furgoneta,207,0,Sí,Media
50,26,Femenino,Comerciante,Casado,Norte,23199,Furgoneta,228,1,No,Media
51,56,Femenino,Profesor,Casado,Norte,51191,SUV,1335,0,Sí,Alta
52,35,Masculino,Profesor,Divorciado,Norte,25211,Moto,1146,0,No,Alta
53,21,Femenino,Abogado,Casado,Sur,78069,Furgoneta,1896,0,Sí,Media
54,42,Femenino,Ingeniero,Casado,Norte,71746,Coche,330,0,No,Media
55,31,Masculino,Administrativo,Soltero,Sur,36542,SUV,387,1,No,Baja
56,67,Masculino,Comerciante,Divorciado,Norte,46312,Furgoneta,1898,0,No,Alta
57,26,Masculino,Administrativo,Casado,Sur,60242,Moto,908,2,No,Alta
58,43,Femenino,Comerciante,Divorciado,Oeste,70388,Moto,1698,0,Sí,Alta
59,70,Masculino,Abogado,Casado,Este,42691,SUV,1587,3,No,Alta
60,19,Masculino,Médico,Casado,Oeste,37601,SUV,1427,0,No,Alta
61,37,Masculino,Administrativo,Casado,Oeste,33020,SUV,411,1,No,Media
62,45,Femenino,Médico,Soltero,Norte,23155,SUV,1844,0,No,Media
63,64,Masculino,Desempleado,Soltero,Sur,84119,SUV,475,1,No,Media
64,24,Femenino,Ingeniero,Soltero,Este,51777,Coche,1296,0,No,Baja
65,61,Femenino,Ingeniero,Divorciado,Norte,34710,Coche,1902,1,Sí,Media
66,25,Masculino,Estudiante,Divorciado,Norte,39532,Furgoneta,1995,0,No,Alta
67,64,Masculino,Abogado,Soltero,Norte,33601,Moto,442,1,Sí,Alta
68,52,Femenino,Médico,Divorciado,Oeste,78227,Coche,1325,0,Sí,Baja
69,31,Masculino,Profesor,Casado,Sur,19967,Coche,1186,1,Sí,Media
70,34,Masculino,Comerciante,Casado,Sur,35022,Coche,884,0,Sí,Baja
71,53,Femenino,Ingeniero,Casado,Este,58463,Furgoneta,370,2,Sí,Baja
72,67,Femenino,Administrativo,Soltero,Sur,89671,SUV,852,1,Sí,Baja
73,57,Masculino,Comerciante,Divorciado,Sur,20722,Furgoneta,387,1,Sí,Baja
74,21,Femenino,Comerciante,Soltero,Norte,42413,Moto,1664,1,Sí,Media
75,19,Masculino,Estudiante,Divorciado,Norte,81732,Moto,1309,1,Sí,Media
76,23,Masculino,Médico,Casado,Oeste,27297,Moto,1699,0,No,Baja
77,71,Masculino,Ingeniero,Soltero,Norte,83323,Moto,251,1,No,Media
78,59,Femenino,Comerciante,Divorciado,Norte,38816,Coche,310,1,No,Alta
79,21,Masculino,Ingeniero,Divorciado,Norte,55695,Coche,1076,0,No,Media
80,71,Masculino,Profesor,Casado,Norte,34702,Furgoneta,1266,2,No,Media
81,46,Masculino,Estudiante,Soltero,Oeste,40242,SUV,410,2,Sí,Baja
82,35,Femenino,Profesor,Soltero,Norte,70841,Moto,1423,2,No,Media
83,43,Femenino,Ingeniero,Soltero,Este,82712,Furgoneta,1057,1,No,Media
84,61,Femenino,Desempleado,Casado,Este,68574,Coche,1975,0,Sí,Baja
85,51,Femenino,Administrativo,Soltero,Este,43482,Coche,826,0,Sí,Baja
86,27,Femenino,Ingeniero,Casado,Este,24171,SUV,1249,0,No,Media
87,53,Masculino,Médico,Casado,Norte,18696,SUV,498,2,Sí,Alta
88,31,Femenino,Comerciante,Casado,Este,35058,SUV,1300,1,No,Media
89,48,Femenino,Comerciante,Divorciado,Norte,35313,Furgoneta,1123,0,Sí,Media
90,65,Femenino,Profesor,Soltero,Oeste,34149,Coche,336,1,Sí,Alta
91,32,Masculino,Administrativo,Soltero,Este,68521,Coche,1243,0,Sí,Alta
92,25,Femenino,Estudiante,Casado,Sur,60740,SUV,639,0,Sí,Media
93,31,Femenino,Desempleado,Casado,Este,19956,Moto,410,0,Sí,Media
94,40,Masculino,Abogado,Soltero,Este,81641,SUV,951,0,No,Media
95,74,Femenino,Administrativo,Casado,Norte,78811,Furgoneta,1774,0,No,Alta
96,57,Masculino,Comerciante,Soltero,Este,67160,SUV,634,0,No,Media
97,38,Masculino,Médico,Divorciado,Sur,66313,SUV,979,0,Sí,Media
98,33,Masculino,Administrativo,Casado,Norte,78232,Furgoneta,1430,0,No,Alta
99,62,Masculino,Profesor,Soltero,Norte,30417,SUV,638,0,Sí,Alta
100,35,Masculino,Profesor,Casado,Oeste,39729,Coche,865,0,Sí,Media
101,64,Femenino,Abogado,Soltero,Oeste,45099,Moto,1265,2,Sí,Baja
102,70,Masculino,Médico,Soltero,Este,44961,SUV,610,0,Sí,Media
103,41,Masculino,Estudiante,Casado,Oeste,27602,Furgoneta,1746,0,Sí,Alta
104,43,Femenino,Administrativo,Divorciado,Oeste,24256,Moto,1005,0,Sí,Media
105,42,Masculino,Médico,Soltero,Oeste,49681,Furgoneta,809,0,No,Baja
106,62,Femenino,Estudiante,Soltero,Norte,79789,Moto,626,0,No,Alta
107,58,Femenino,Médico,Soltero,Norte,58361,Moto,1498,0,Sí,Media
108,46,Femenino,Médico,Divorciado,Norte,79503,SUV,1671,1,Sí,Media
109,32,Masculino,Ingeniero,Divorciado,Oeste,49540,Coche,1101,0,Sí,Alta
110,62,Masculino,Profesor,Casado,Norte,41536,SUV,1141,1,Sí,Baja
111,18,Masculino,Administrativo,Divorciado,Oeste,78043,Furgoneta,941,0,No,Media
112,42,Femenino,Médico,Casado,Norte,71575,Furgoneta,1592,0,Sí,Media
113,24,Masculino,Administrativo,Casado,Norte,17871,Moto,1443,0,No,Alta
114,26,Masculino,Abogado,Divorciado,Sur,61002,Moto,1800,1,No,Alta
115,41,Masculino,Médico,Casado,Este,64812,Coche,1455,0,Sí,Media
116,18,Femenino,Comerciante,Divorciado,Oeste,37626,SUV,527,0,No,Media
117,61,Femenino,Profesor,Casado,Sur,74979,Furgoneta,1666,0,Sí,Alta
118,25,Masculino,Comerciante,Divorciado,Norte,81668,Moto,251,2,Sí,Alta
119,41,Masculino,Administrativo,Divorciado,Oeste,57998,Coche,575,0,Sí,Alta
120,28,Masculino,Administrativo,Casado,Norte,78814,Furgoneta,462,0,Sí,Baja
121,68,Masculino,Profesor,Soltero,Este,60607,Moto,466,1,Sí,Media
122,34,Femenino,Administrativo,Casado,Sur,22812,Furgoneta,558,0,Sí,Baja
123,25,Femenino,Comerciante,Divorciado,Este,76844,Coche,1540,0,No,Alta
124,52,Femenino,Médico,Soltero,Sur,85093,Coche,1547,0,No,Baja
125,52,Femenino,Médico,Casado,Norte,17179,Furgoneta,1889,0,No,Alta
126,50,Masculino,Ingeniero,Casado,Este,58798,SUV,851,0,Sí,Media
127,22,Masculino,Abogado,Casado,Este,89601,Furgoneta,1786,0,No,Baja
128,59,Masculino,Administrativo,Soltero,Norte,23275,Moto,1852,0,No,Media
129,56,Femenino,Comerciante,Divorciado,Este,65574,SUV,1644,0,No,Media
130,58,Masculino,Administrativo,Casado,Oeste,62857,Moto,245,1,No,Alta
131,45,Femenino,Administrativo,Casado,Sur,35700,Furgoneta,799,0,No,Alta
132,24,Femenino,Estudiante,Casado,Sur,54464,SUV,919,1,Sí,Media
133,26,Masculino,Ingeniero,Casado,Sur,57351,Moto,1492,1,No,Media
134,25,Masculino,Comerciante,Casado,Oeste,28869,Furgoneta,800,0,Sí,Media
135,29,Masculino,Comerciante,Divorciado,Sur,75315,Furgoneta,580,1,No,Media
136,51,Femenino,Administrativo,Divorciado,Norte,35954,SUV,317,0,Sí,Media
137,50,Masculino,Ingeniero,Casado,Este,46555,Furgoneta,1789,0,Sí,Alta
138,65,Femenino,Médico,Soltero,Oeste,78353,Coche,315,0,Sí,Alta
139,72,Masculino,Comerciante,Divorciado,Sur,60026,Moto,1853,1,No,Baja
140,40,Femenino,Médico,Soltero,Norte,61976,Moto,459,3,Sí,Alta
141,41,Femenino,Ingeniero,Divorciado,Este,60095,Furgoneta,1298,0,Sí,Media
142,54,Masculino,Médico,Casado,Este,29270,Furgoneta,1703,0,No,Alta
143,52,Femenino,Profesor,Divorciado,Oeste,45908,Coche,504,0,No,Media
144,61,Femenino,Estudiante,Casado,Oeste,30523,SUV,206,1,Sí,Media
145,57,Masculino,Desempleado,Divorciado,Oeste,77433,Furgoneta,565,0,Sí,Alta
146,39,Femenino,Comerciante,Casado,Norte,62068,Furgoneta,1857,0,No,Alta
147,44,Masculino,Abogado,Casado,Norte,34991,Furgoneta,722,0,No,Media
148,52,Femenino,Estudiante,Casado,Oeste,25775,Furgoneta,1571,0,Sí,Media
149,18,Masculino,Desempleado,Casado,Sur,76250,Moto,1661,0,No,Alta
150,52,Masculino,Médico,Soltero,Este,31673,Furgoneta,1438,1,Sí,Media
151,54,Femenino,Comerciante,Casado,Este,42056,Moto,628,1,No,Alta
152,64,Femenino,Médico,Soltero,Norte,21614,Furgoneta,990,0,No,Baja
153,31,Femenino,Profesor,Soltero,Este,22415,SUV,1721,0,Sí,Media
154,20,Femenino,Ingeniero,Casado,Sur,58884,Coche,1763,0,Sí,Alta
155,18,Femenino,Comerciante,Soltero,Este,31964,SUV,946,0,No,Media
156,22,Masculino,Desempleado,Divorciado,Norte,52726,Furgoneta,566,0,No,Media
157,43,Femenino,Desempleado,Casado,Norte,52044,Furgoneta,512,0,Sí,Alta
158,72,Masculino,Profesor,Soltero,Sur,72149,Furgoneta,737,0,No,Media
159,31,Masculino,Profesor,Casado,Sur,52544,SUV,1120,0,No,Alta
160,56,Femenino,Administrativo,Casado,Este,64976,Furgoneta,1277,1,Sí,Alta
161,44,Masculino,Comerciante,Casado,Este,47252,SUV,1764,0,No,Alta
162,26,Masculino,Médico,Soltero,Norte,18832,Moto,1690,1,Sí,Media
163,32,Masculino,Abogado,Divorciado,Sur,49148,Coche,1064,1,No,Alta
164,32,Masculino,Desempleado,Divorciado,Sur,76240,Coche,1387,1,Sí,Media
165,43,Femenino,Desempleado,Soltero,Sur,68459,SUV,981,0,Sí,Media
166,59,Masculino,Profesor,Casado,Este,53402,Moto,533,0,Sí,Media
167,30,Femenino,Estudiante,Soltero,Sur,72727,SUV,1770,0,No,Media
168,68,Femenino,Profesor,Soltero,Norte,53578,Moto,997,0,No,Baja
169,49,Masculino,Abogado,Soltero,Norte,37318,Furgoneta,547,0,No,Media
170,56,Femenino,Médico,Casado,Este,35466,Moto,472,0,No,Media
171,66,Femenino,Médico,Soltero,Oeste,60475,Moto,1162,0,Sí,Alta
172,69,Femenino,Estudiante,Casado,Este,75142,Moto,919,2,No,Baja
173,49,Masculino,Desempleado,Soltero,Oeste,41564,Coche,1973,0,Sí,Alta
174,21,Femenino,Profesor,Divorciado,Sur,37412,Moto,1637,1,No,Media
175,47,Femenino,Administrativo,Soltero,Este,66001,Furgoneta,699,0,Sí,Media
176,54,Femenino,Médico,Soltero,Norte,72649,Furgoneta,1316,0,No,Alta
177,40,Masculino,Abogado,Divorciado,Sur,75957,Furgoneta,884,1,No,Alta
178,56,Femenino,Comerciante,Casado,Norte,50517,Moto,278,0,No,Media
179,62,Masculino,Ingeniero,Casado,Sur,28156,SUV,821,0,Sí,Media
180,32,Masculino,Ingeniero,Soltero,Este,38064,SUV,1440,0,Sí,Media
181,60,Masculino,Ingeniero,Divorciado,Oeste,40711,Furgoneta,1146,1,Sí,Baja
182,46,Masculino,Administrativo,Casado,Sur,45106,Coche,557,0,No,Alta
183,53,Masculino,Desempleado,Soltero,Oeste,80458,SUV,817,0,Sí,Alta
184,30,Masculino,Profesor,Divorciado,Sur,31589,Moto,706,0,No,Media
185,49,Femenino,Estudiante,Casado,Norte,22214,SUV,1782,0,Sí,Media
186,24,Masculino,Administrativo,Casado,Norte,42127,Furgoneta,1404,0,Sí,Media
187,68,Femenino,Administrativo,Divorciado,Sur,20141,Coche,775,1,No,Alta
188,39,Femenino,Médico,Divorciado,Oeste,43884,SUV,1469,0,Sí,Media
189,45,Masculino,Comerciante,Divorciado,Este,17708,SUV,443,1,No,Media
190,19,Femenino,Administrativo,Divorciado,Este,33375,Furgoneta,705,2,No,Media
191,59,Femenino,Abogado,Soltero,Norte,30088,Coche,621,0,Sí,Media
192,62,Femenino,Comerciante,Divorciado,Este,72615,Coche,1543,0,Sí,Media
193,74,Femenino,Abogado,Casado,Norte,60046,Furgoneta,1310,0,Sí,Media
194,70,Masculino,Desempleado,Casado,Este,25014,Moto,416,0,Sí,Alta
195,23,Femenino,Profesor,Soltero,Sur,79425,SUV,1713,2,No,Alta
196,45,Masculino,Ingeniero,Casado,Norte,18273,Moto,1742,2,Sí,Media
197,45,Femenino,Administrativo,Casado,Norte,62135,SUV,1501,0,Sí,Media
198,61,Femenino,Profesor,Divorciado,Sur,45881,SUV,1945,1,Sí,Media
199,61,Masculino,Desempleado,Casado,Norte,23712,Moto,1208,0,Sí,Media
200,37,Femenino,Estudiante,Soltero,Este,89704,Furgoneta,1392,0,Sí,Media
201,47,Femenino,Estudiante,Divorciado,Este,67874,Furgoneta,529,1,No,Baja
202,28,Femenino,Desempleado,Divorciado,Norte,84087,SUV,849,2,No,Alta
203,72,Masculino,Abogado,Soltero,Este,27297,Furgoneta,1664,0,No,Alta
204,45,Femenino,Médico,Divorciado,Oeste,42128,SUV,590,0,No,Alta
205,42,Masculino,Médico,Divorciado,Norte,83368,Furgoneta,1719,1,Sí,Media
206,56,Femenino,Abogado,Soltero,Sur,47920,SUV,580,1,No,Media
207,50,Masculino,Estudiante,Divorciado,Oeste,26156,Furgoneta,1529,0,Sí,Alta
208,18,Masculino,Estudiante,Soltero,Norte,26108,Coche,941,0,Sí,Media
209,74,Femenino,Administrativo,Soltero,Sur,46845,Moto,1019,1,Sí,Alta
210,44,Femenino,Estudiante,Casado,Este,17800,Coche,872,0,Sí,Media
211,74,Masculino,Profesor,Casado,Sur,57712,Moto,712,0,No,Media
212,69,Masculino,Estudiante,Divorciado,Oeste,17610,Moto,1971,0,Sí,Media
213,30,Femenino,Comerciante,Divorciado,Este,48872,SUV,1148,0,No,Alta
214,58,Masculino,Administrativo,Soltero,Norte,25728,Moto,1411,0,Sí,Baja
215,20,Femenino,Ingeniero,Divorciado,Este,35583,Coche,1129,0,Sí,Media
216,56,Femenino,Estudiante,Soltero,Norte,22263,Coche,1739,0,No,Alta
217,23,Femenino,Abogado,Soltero,Norte,82450,Furgoneta,1112,1,Sí,Alta
218,25,Femenino,Ingeniero,Divorciado,Sur,34456,Coche,843,0,Sí,Media
219,44,Masculino,Profesor,Soltero,Sur,80942,Furgoneta,626,1,Sí,Baja
220,26,Femenino,Abogado,Casado,Sur,28689,Moto,701,0,No,Baja
221,54,Masculino,Ingeniero,Divorciado,Oeste,47934,Coche,929,2,No,Media
222,50,Femenino,Abogado,Casado,Oeste,48276,Moto,1483,0,Sí,Baja
223,68,Masculino,Profesor,Divorciado,Sur,34873,Coche,1736,0,No,Alta
224,59,Femenino,Administrativo,Soltero,Oeste,28050,Coche,270,1,No,Alta
225,61,Masculino,Comerciante,Divorciado,Este,81216,Furgoneta,677,0,No,Baja
226,41,Masculino,Profesor,Casado,Este,36644,Moto,1401,1,No,Media
227,32,Femenino,Profesor,Soltero,Oeste,77021,Coche,656,1,Sí,Media
228,71,Femenino,Abogado,Divorciado,Oeste,52125,SUV,388,1,No,Media
229,49,Femenino,Administrativo,Divorciado,Este,81899,Moto,490,0,Sí,Baja
230,49,Femenino,Desempleado,Divorciado,Norte,57291,Moto,1743,1,Sí,Media
231,41,Masculino,Médico,Casado,Este,50060,Moto,1988,0,No,Baja
232,58,Femenino,Estudiante,Casado,Este,16538,Furgoneta,1119,1,No,Media
233,69,Masculino,Estudiante,Divorciado,Oeste,51176,SUV,491,0,Sí,Alta
234,66,Masculino,Comerciante,Soltero,Este,56520,Moto,955,0,Sí,Baja
235,66,Femenino,Comerciante,Soltero,Oeste,40675,Coche,1858,0,No,Alta
236,69,Masculino,Estudiante,Casado,Oeste,33287,Coche,1506,0,Sí,Baja
237,29,Masculino,Médico,Soltero,Sur,15174,Furgoneta,1767,1,Sí,Media
238,56,Masculino,Estudiante,Casado,Este,49998,Coche,576,0,Sí,Media
239,19,Masculino,Desempleado,Divorciado,Norte,68312,Moto,1881,1,Sí,Media
240,20,Femenino,Médico,Casado,Sur,27112,Coche,1379,0,No,Alta
241,66,Femenino,Comerciante,Casado,Oeste,59814,Moto,707,1,Sí,Alta
242,54,Femenino,Ingeniero,Divorciado,Oeste,65719,Coche,1636,1,No,Baja
243,66,Femenino,Abogado,Soltero,Norte,48919,SUV,727,1,Sí,Baja
244,73,Masculino,Desempleado,Casado,Oeste,88155,Furgoneta,1578,0,No,Media
245,34,Masculino,Desempleado,Casado,Este,86569,Furgoneta,758,0,No,Baja
246,66,Femenino,Administrativo,Divorciado,Sur,56328,SUV,1986,1,No,Baja
247,19,Femenino,Comerciante,Soltero,Oeste,85482,SUV,1410,1,No,Media
248,19,Femenino,Comerciante,Casado,Oeste,39618,Furgoneta,1254,0,No,Alta
249,45,Masculino,Profesor,Divorciado,Norte,49675,SUV,459,0,Sí,Baja
250,71,Femenino,Desempleado,Casado,Este,33919,Moto,620,1,No,Media
251,40,Femenino,Profesor,Divorciado,Oeste,19173,Coche,1752,0,No,Baja
252,54,Femenino,Profesor,Soltero,Norte,41400,Furgoneta,1774,1,Sí,Baja
253,49,Masculino,Abogado,Soltero,Oeste,65445,SUV,503,1,Sí,Baja
254,50,Masculino,Profesor,Soltero,Norte,85305,Moto,1141,0,No,Media
255,18,Masculino,Médico,Soltero,Norte,52564,Furgoneta,1262,0,No,Alta
256,36,Masculino,Estudiante,Casado,Este,60814,SUV,1712,2,Sí,Media
257,19,Masculino,Ingeniero,Casado,Oeste,42962,Furgoneta,1867,0,Sí,Media
258,70,Masculino,Comerciante,Soltero,Este,85533,SUV,741,0,No,Alta
259,61,Masculino,Médico,Soltero,Norte,71184,Furgoneta,1893,0,Sí,Media
260,43,Masculino,Ingeniero,Soltero,Sur,25578,Moto,1501,1,No,Media
261,49,Femenino,Desempleado,Casado,Oeste,33624,Moto,1426,0,No,Baja
262,23,Femenino,Desempleado,Soltero,Sur,54194,Coche,1289,0,No,Alta
263,49,Masculino,Desempleado,Soltero,Oeste,15389,Furgoneta,307,0,Sí,Media
264,72,Masculino,Médico,Soltero,Este,82391,Coche,467,0,No,Alta
265,21,Femenino,Médico,Divorciado,Este,28794,Furgoneta,421,0,No,Alta
266,72,Masculino,Comerciante,Soltero,Este,73002,SUV,1753,0,No,Alta
267,28,Masculino,Estudiante,Divorciado,Este,50531,SUV,1313,0,Sí,Media
268,73,Masculino,Administrativo,Divorciado,Este,67815,Coche,892,0,Sí,Alta
269,34,Femenino,Profesor,Soltero,Sur,19986,Furgoneta,454,0,No,Media
270,55,Femenino,Desempleado,Divorciado,Este,47298,Coche,1678,0,Sí,Alta
271,41,Femenino,Abogado,Soltero,Norte,16481,Moto,452,0,Sí,Baja
272,22,Femenino,Estudiante,Casado,Norte,71408,Coche,456,0,Sí,Baja
273,69,Femenino,Abogado,Casado,Sur,84267,Coche,582,0,No,Baja
274,51,Masculino,Comerciante,Casado,Oeste,31835,SUV,641,0,Sí,Baja
275,23,Femenino,Comerciante,Casado,Norte,42798,Coche,798,0,Sí,Baja
276,39,Masculino,Comerciante,Divorciado,Oeste,79887,Furgoneta,1313,2,Sí,Baja
277,28,Masculino,Ingeniero,Soltero,Sur,34477,SUV,1972,0,No,Media
278,65,Femenino,Abogado,Soltero,Oeste,32266,Coche,589,1,Sí,Alta
279,33,Femenino,Estudiante,Soltero,Oeste,58526,Moto,781,0,Sí,Alta
280,50,Masculino,Administrativo,Casado,Oeste,26889,Coche,1267,0,Sí,Alta
281,26,Masculino,Estudiante,Casado,Oeste,39335,Coche,1935,1,No,Media
282,23,Masculino,Médico,Soltero,Sur,26254,Coche,1887,0,Sí,Media
283,33,Femenino,Médico,Casado,Norte,26442,SUV,797,1,Sí,Baja
284,46,Femenino,Desempleado,Soltero,Este,61289,Furgoneta,218,0,Sí,Baja
285,20,Femenino,Administrativo,Soltero,Oeste,68747,Moto,1324,0,No,Media
286,37,Femenino,Médico,Soltero,Norte,52327,Coche,806,0,No,Media
287,53,Femenino,Comerciante,Soltero,Norte,31199,Furgoneta,1989,1,No,Baja
288,36,Masculino,Estudiante,Soltero,Sur,87827,Furgoneta,1580,0,No,Alta
289,43,Femenino,Abogado,Soltero,Norte,15112,SUV,1765,1,Sí,Media
290,20,Masculino,Comerciante,Soltero,Sur,34581,Moto,1984,1,No,Alta
291,36,Masculino,Ingeniero,Casado,Oeste,74722,SUV,232,0,Sí,Media
292,37,Masculino,Médico,Soltero,Oeste,31523,Furgoneta,1452,1,Sí,Alta
293,49,Femenino,Comerciante,Soltero,Este,81960,Furgoneta,1747,0,Sí,Baja
294,24,Femenino,Comerciante,Casado,Este,34552,Furgoneta,1853,0,Sí,Media
295,69,Femenino,Ingeniero,Casado,Este,25808,SUV,1061,3,No,Alta
296,58,Masculino,Profesor,Casado,Norte,87525,Moto,354,0,Sí,Alta
297,50,Masculino,Estudiante,Soltero,Oeste,38620,Coche,1646,0,No,Media
298,57,Masculino,Abogado,Divorciado,Sur,15887,SUV,1104,1,Sí,Baja
299,56,Masculino,Desempleado,Divorciado,Este,46802,Furgoneta,1469,1,Sí,Media
300,35,Masculino,Profesor,Casado,Sur,41049,SUV,604,3,No,Media
301,57,Masculino,Médico,Divorciado,Sur,22846,Furgoneta,1043,0,No,Media
302,18,Femenino,Comerciante,Casado,Este,61220,Coche,1982,0,No,Media
303,28,Femenino,Administrativo,Soltero,Oeste,61163,Coche,1764,0,Sí,Media
304,45,Femenino,Ingeniero,Divorciado,Este,18765,Moto,1384,0,Sí,Media
305,74,Femenino,Ingeniero,Soltero,Sur,60270,Furgoneta,946,0,No,Media
306,42,Masculino,Administrativo,Divorciado,Este,37931,Moto,1925,0,No,Media
307,67,Masculino,Estudiante,Soltero,Sur,70633,Moto,1340,1,Sí,Media
308,40,Femenino,Profesor,Divorciado,Sur,66913,Coche,470,0,No,Baja
309,48,Masculino,Desempleado,Soltero,Este,40991,SUV,969,1,No,Baja
310,47,Femenino,Estudiante,Soltero,Norte,69845,SUV,1915,0,No,Media
311,59,Femenino,Administrativo,Divorciado,Este,70312,Moto,1710,0,No,Media
312,52,Femenino,Comerciante,Soltero,Norte,25561,Coche,371,1,No,Alta
313,24,Masculino,Administrativo,Soltero,Sur,31901,Furgoneta,473,0,Sí,Baja
314,33,Femenino,Estudiante,Soltero,Sur,77875,SUV,458,1,Sí,Media
315,43,Femenino,Abogado,Divorciado,Norte,40917,Moto,1358,1,No,Alta
316,65,Femenino,Ingeniero,Divorciado,Sur,77120,SUV,1906,1,Sí,Media
317,74,Masculino,Ingeniero,Soltero,Norte,16988,SUV,1945,0,Sí,Baja
318,69,Masculino,Médico,Soltero,Norte,29256,Furgoneta,1971,0,Sí,Alta
319,66,Femenino,Médico,Divorciado,Sur,43230,Coche,621,0,Sí,Media
320,19,Masculino,Administrativo,Divorciado,Oeste,74778,Furgoneta,1644,0,No,Media
321,18,Masculino,Desempleado,Soltero,Norte,60833,Coche,1409,0,No,Alta
322,65,Masculino,Comerciante,Soltero,Este,37625,SUV,563,2,Sí,Alta
323,29,Masculino,Abogado,Soltero,Este,47088,Moto,1830,0,Sí,Baja
324,22,Masculino,Profesor,Casado,Sur,56167,Furgoneta,577,0,No,Baja
325,54,Masculino,Estudiante,Divorciado,Oeste,86291,Coche,1746,0,No,Alta
326,49,Masculino,Desempleado,Casado,Sur,80303,SUV,779,1,No,Baja
327,72,Masculino,Comerciante,Divorciado,Oeste,19117,Coche,1090,2,Sí,Media
328,26,Masculino,Médico,Divorciado,Norte,75710,Coche,921,1,Sí,Media
329,58,Masculino,Administrativo,Divorciado,Norte,82054,Coche,1419,0,Sí,Media
330,52,Femenino,Estudiante,Divorciado,Norte,45949,SUV,1080,0,No,Baja
331,36,Femenino,Médico,Divorciado,Norte,37547,Moto,1321,0,No,Media
332,65,Masculino,Administrativo,Divorciado,Este,83136,Moto,804,0,No,Alta
333,33,Femenino,Estudiante,Divorciado,Este,79619,Moto,221,0,Sí,Baja
334,20,Femenino,Profesor,Casado,Sur,76842,Coche,1673,1,No,Media
335,37,Masculino,Comerciante,Soltero,Oeste,41990,SUV,1395,0,No,Alta
336,41,Masculino,Estudiante,Soltero,Norte,31193,Coche,582,0,Sí,Media
337,71,Masculino,Abogado,Casado,Norte,45109,Moto,333,1,Sí,Media
338,73,Femenino,Desempleado,Casado,Oeste,34233,Moto,1649,2,Sí,Baja
339,50,Femenino,Ingeniero,Casado,Oeste,49510,SUV,1248,1,Sí,Media
340,41,Masculino,Abogado,Casado,Sur,16306,Coche,702,0,Sí,Alta
341,69,Masculino,Abogado,Divorciado,Oeste,18849,Furgoneta,1408,1,Sí,Media
342,28,Masculino,Desempleado,Soltero,Norte,27360,Furgoneta,1308,0,Sí,Media
343,66,Femenino,Ingeniero,Divorciado,Norte,60800,Moto,1790,0,Sí,Alta
344,25,Femenino,Abogado,Soltero,Norte,51963,SUV,1986,0,Sí,Media
345,53,Femenino,Estudiante,Soltero,Norte,69330,Coche,343,1,No,Baja
346,55,Femenino,Estudiante,Casado,Norte,66707,Coche,1902,1,Sí,Alta
347,57,Masculino,Estudiante,Divorciado,Sur,33689,Moto,1635,1,No,Media
348,37,Masculino,Ingeniero,Casado,Norte,44084,Moto,423,0,Sí,Media
349,52,Masculino,Abogado,Divorciado,Sur,55387,Coche,419,1,No,Alta
350,65,Masculino,Administrativo,Soltero,Norte,89816,Coche,378,0,Sí,Media
351,42,Femenino,Ingeniero,Casado,Este,17642,Moto,1854,0,No,Media
352,52,Femenino,Estudiante,Casado,Este,57137,Coche,632,1,Sí,Baja
353,42,Masculino,Desempleado,Soltero,Este,70561,Furgoneta,464,1,No,Alta
354,46,Masculino,Abogado,Soltero,Este,77260,Moto,1153,0,Sí,Media
355,35,Femenino,Abogado,Soltero,Sur,30438,Coche,628,1,No,Alta
356,63,Masculino,Médico,Casado,Sur,63442,Moto,1885,2,Sí,Baja
357,35,Femenino,Médico,Divorciado,Oeste,17994,SUV,615,0,Sí,Media
358,19,Masculino,Profesor,Casado,Norte,16813,Moto,1676,0,Sí,Media
359,71,Masculino,Administrativo,Divorciado,Este,70276,Moto,926,2,No,Alta
360,52,Masculino,Administrativo,Casado,Sur,56243,SUV,396,0,No,Media
361,33,Masculino,Comerciante,Casado,Norte,77912,Furgoneta,1777,0,No,Alta
362,58,Masculino,Administrativo,Soltero,Norte,75272,Coche,1276,1,Sí,Baja
363,53,Masculino,Médico,Divorciado,Sur,57051,SUV,679,0,Sí,Media
364,50,Masculino,Ingeniero,Casado,Este,80618,Moto,1666,0,No,Media
365,21,Femenino,Administrativo,Casado,Oeste,16920,Coche,1553,1,Sí,Media
366,50,Femenino,Médico,Soltero,Norte,17093,SUV,1474,1,No,Media
367,31,Femenino,Profesor,Soltero,Oeste,27905,Coche,1089,0,No,Media
368,38,Femenino,Abogado,Divorciado,Este,39351,Coche,1124,2,No,Media
369,65,Femenino,Administrativo,Casado,Este,45981,SUV,322,0,Sí,Media
370,37,Masculino,Profesor,Divorciado,Oeste,88903,Coche,1610,0,Sí,Media
371,73,Masculino,Abogado,Casado,Este,85821,Furgoneta,1562,0,Sí,Media
372,25,Femenino,Desempleado,Divorciado,Norte,34874,SUV,977,1,No,Alta
373,24,Masculino,Desempleado,Soltero,Oeste,65931,Furgoneta,547,0,Sí,Baja
374,20,Femenino,Abogado,Casado,Este,22674,Moto,228,0,Sí,Media
375,34,Femenino,Administrativo,Divorciado,Oeste,65516,Coche,1174,0,Sí,Media
376,50,Masculino,Comerciante,Soltero,Norte,75686,Moto,234,0,Sí,Baja
377,65,Masculino,Médico,Soltero,Este,84212,Moto,1741,0,No,Alta
378,29,Masculino,Ingeniero,Divorciado,Norte,17426,Coche,1619,0,No,Baja
379,68,Femenino,Ingeniero,Casado,Este,83498,SUV,822,1,Sí,Baja
380,39,Masculino,Estudiante,Casado,Sur,44943,Coche,1517,0,Sí,Baja
381,72,Femenino,Abogado,Soltero,Este,81395,Moto,788,2,No,Baja
382,39,Femenino,Ingeniero,Casado,Oeste,59816,Moto,1572,0,Sí,Media
383,63,Femenino,Administrativo,Casado,Este,19138,SUV,1370,0,No,Alta
384,47,Masculino,Comerciante,Casado,Norte,19017,Coche,1290,0,No,Media
385,55,Masculino,Abogado,Soltero,Norte,25451,Moto,1103,0,Sí,Media
386,55,Femenino,Comerciante,Divorciado,Este,77956,Furgoneta,719,0,Sí,Alta
387,62,Masculino,Administrativo,Casado,Oeste,25278,Moto,321,1,No,Media
388,68,Masculino,Ingeniero,Soltero,Sur,58764,Moto,539,0,Sí,Media
389,71,Masculino,Ingeniero,Soltero,Oeste,16134,SUV,374,0,Sí,Baja
390,25,Femenino,Estudiante,Divorciado,Sur,77943,Furgoneta,1914,0,Sí,Baja
391,44,Femenino,Ingeniero,Casado,Norte,69318,Moto,796,1,Sí,Baja
392,44,Masculino,Abogado,Casado,Oeste,75128,Moto,650,2,No,Media
393,51,Femenino,Administrativo,Divorciado,Sur,36869,Furgoneta,756,0,No,Baja
394,38,Masculino,Desempleado,Divorciado,Este,20039,Coche,1359,2,No,Baja
395,47,Masculino,Administrativo,Soltero,Norte,36281,Coche,1239,1,Sí,Media
396,50,Masculino,Abogado,Soltero,Este,25442,Moto,1556,1,Sí,Alta
397,45,Masculino,Abogado,Divorciado,Norte,88788,Moto,1418,0,No,Baja
398,64,Femenino,Estudiante,Casado,Oeste,42586,Coche,1719,1,Sí,Baja
399,50,Femenino,Estudiante,Soltero,Oeste,68053,SUV,208,0,No,Media
400,22,Femenino,Ingeniero,Soltero,Norte,65489,Furgoneta,533,0,Sí,Alta
401,65,Masculino,Profesor,Casado,Norte,82087,Furgoneta,1556,2,No,Media
402,36,Masculino,Administrativo,Soltero,Norte,27625,SUV,1216,0,Sí,Alta
403,21,Masculino,Administrativo,Casado,Oeste,49397,SUV,526,1,Sí,Baja
404,52,Femenino,Profesor,Casado,Sur,73671,SUV,214,0,Sí,Baja
405,66,Masculino,Estudiante,Casado,Este,81897,SUV,1038,1,Sí,Alta
406,34,Femenino,Ingeniero,Divorciado,Este,41149,SUV,1837,0,Sí,Media
407,61,Femenino,Profesor,Divorciado,Oeste,75030,SUV,425,0,No,Alta
408,45,Femenino,Ingeniero,Divorciado,Este,84906,Furgoneta,1648,0,No,Media
409,47,Femenino,Ingeniero,Casado,Norte,20283,SUV,1631,1,No,Media
410,46,Femenino,Ingeniero,Casado,Sur,22610,Coche,312,1,No,Media
411,63,Femenino,Médico,Divorciado,Este,58326,SUV,1651,0,Sí,Media
412,70,Masculino,Abogado,Soltero,Sur,29924,SUV,200,0,Sí,Alta
413,23,Masculino,Ingeniero,Casado,Norte,15869,Furgoneta,465,1,Sí,Media
414,52,Femenino,Médico,Soltero,Este,16014,Furgoneta,1714,2,No,Alta
415,58,Femenino,Estudiante,Soltero,Oeste,25103,SUV,1431,1,Sí,Media
416,54,Masculino,Profesor,Casado,Sur,48458,Furgoneta,1845,1,No,Alta
417,41,Femenino,Abogado,Casado,Norte,38248,Moto,1935,0,Sí,Media
418,46,Femenino,Desempleado,Soltero,Sur,58516,Furgoneta,1151,1,No,Baja
419,66,Masculino,Profesor,Soltero,Este,44061,Furgoneta,1592,0,No,Baja
420,63,Femenino,Abogado,Divorciado,Este,39170,Furgoneta,505,2,Sí,Baja
421,70,Femenino,Desempleado,Divorciado,Oeste,23024,Furgoneta,211,1,Sí,Baja
422,48,Femenino,Profesor,Casado,Norte,58803,Coche,1568,0,No,Alta
423,52,Masculino,Abogado,Divorciado,Norte,34296,Coche,1688,0,Sí,Alta
424,50,Masculino,Profesor,Divorciado,Oeste,33257,Coche,1923,0,Sí,Media
425,69,Masculino,Profesor,Divorciado,Oeste,27855,SUV,1889,1,No,Baja
426,38,Femenino,Desempleado,Divorciado,Norte,35025,SUV,1717,0,Sí,Baja
427,49,Femenino,Profesor,Soltero,Sur,19458,Moto,1591,0,No,Alta
428,40,Masculino,Profesor,Casado,Sur,78610,Coche,1136,0,No,Media
429,50,Femenino,Desempleado,Divorciado,Oeste,85843,SUV,619,0,Sí,Alta
430,20,Femenino,Estudiante,Soltero,Sur,64831,Furgoneta,1088,1,Sí,Media
431,35,Femenino,Ingeniero,Soltero,Norte,58427,Furgoneta,370,2,Sí,Media
432,42,Femenino,Administrativo,Soltero,Este,53506,Coche,333,1,No,Alta
433,59,Femenino,Comerciante,Divorciado,Este,20668,Moto,1164,0,Sí,Media
434,48,Masculino,Médico,Divorciado,Sur,62195,Moto,1650,0,No,Media
435,71,Femenino,Comerciante,Casado,Oeste,88233,Furgoneta,1248,0,Sí,Media
436,20,Masculino,Comerciante,Divorciado,Oeste,39417,Moto,1753,0,Sí,Alta
437,57,Femenino,Abogado,Divorciado,Oeste,25751,Coche,1413,1,Sí,Baja
438,63,Masculino,Ingeniero,Soltero,Oeste,61218,Furgoneta,1364,1,Sí,Media
439,41,Femenino,Abogado,Casado,Oeste,22352,SUV,1778,1,Sí,Baja
440,67,Masculino,Ingeniero,Divorciado,Sur,43927,SUV,857,0,Sí,Baja
441,49,Femenino,Desempleado,Divorciado,Este,56094,Moto,1538,0,Sí,Alta
442,64,Masculino,Desempleado,Soltero,Este,69122,Furgoneta,1667,0,Sí,Alta
443,39,Femenino,Administrativo,Soltero,Sur,44493,Furgoneta,1542,0,Sí,Media
444,40,Masculino,Ingeniero,Divorciado,Oeste,88539,SUV,1664,1,No,Alta
445,19,Femenino,Profesor,Casado,Sur,46707,Furgoneta,1315,1,Sí,Baja
446,44,Masculino,Estudiante,Casado,Este,83814,Furgoneta,378,1,Sí,Media
447,59,Masculino,Administrativo,Soltero,Norte,22296,Furgoneta,1279,0,No,Baja
448,19,Femenino,Administrativo,Soltero,Sur,40398,Moto,1378,2,Sí,Alta
449,43,Femenino,Profesor,Divorciado,Oeste,50842,Furgoneta,1895,0,No,Media
450,34,Masculino,Estudiante,Soltero,Este,28261,Coche,310,0,Sí,Media
451,57,Femenino,Abogado,Divorciado,Este,71704,Moto,336,0,Sí,Alta
452,50,Masculino,Estudiante,Casado,Este,82173,Furgoneta,431,1,No,Media
453,26,Masculino,Abogado,Casado,Este,46781,Furgoneta,1191,0,Sí,Baja
454,60,Masculino,Desempleado,Divorciado,Oeste,28652,Coche,667,0,No,Media
455,71,Femenino,Comerciante,Soltero,Norte,20103,Moto,931,0,Sí,Media
456,65,Masculino,Desempleado,Casado,Este,40500,SUV,680,1,No,Alta
457,56,Masculino,Desempleado,Soltero,Sur,50529,SUV,1291,0,No,Media
458,46,Femenino,Comerciante,Casado,Norte,33452,Moto,1013,1,Sí,Baja
459,59,Femenino,Estudiante,Divorciado,Este,64393,Furgoneta,1472,0,No,Baja
460,72,Femenino,Administrativo,Divorciado,Norte,46174,Furgoneta,1193,0,Sí,Media
461,43,Femenino,Estudiante,Divorciado,Sur,79450,SUV,522,0,No,Baja
462,52,Masculino,Abogado,Casado,Este,50436,SUV,1121,0,Sí,Media
463,67,Masculino,Profesor,Soltero,Sur,62406,SUV,1103,0,No,Alta
464,42,Masculino,Abogado,Soltero,Oeste,78059,Coche,1741,1,Sí,Alta
465,41,Masculino,Profesor,Soltero,Este,30954,SUV,1655,1,Sí,Baja
466,30,Femenino,Desempleado,Casado,Este,27356,Coche,1710,2,No,Alta
467,24,Masculino,Comerciante,Casado,Este,17187,Moto,805,1,No,Media
468,74,Masculino,Desempleado,Casado,Este,50098,Furgoneta,628,1,Sí,Media
469,53,Femenino,Ingeniero,Casado,Oeste,36225,SUV,1492,1,Sí,Media
470,62,Masculino,Estudiante,Casado,Este,18606,Furgoneta,1932,0,Sí,Media
471,37,Masculino,Profesor,Soltero,Norte,72620,Furgoneta,1760,0,Sí,Alta
472,18,Masculino,Abogado,Casado,Este,47828,SUV,347,1,Sí,Alta
473,25,Masculino,Comerciante,Casado,Oeste,41489,SUV,1341,0,No,Media
474,63,Masculino,Profesor,Soltero,Este,29387,Moto,1049,0,Sí,Media
475,33,Masculino,Abogado,Casado,Norte,84463,Coche,566,0,No,Media
476,31,Femenino,Estudiante,Soltero,Oeste,86832,Coche,1049,1,No,Media
477,29,Femenino,Desempleado,Soltero,Oeste,17591,Furgoneta,1289,0,Sí,Alta
478,68,Masculino,Estudiante,Divorciado,Norte,63516,SUV,1012,1,Sí,Baja
479,40,Masculino,Médico,Divorciado,Norte,77061,Moto,1593,0,Sí,Media
480,32,Femenino,Ingeniero,Divorciado,Norte,81736,Moto,374,0,Sí,Alta
481,45,Masculino,Médico,Divorciado,Norte,76753,Moto,787,2,No,Media
482,51,Masculino,Comerciante,Casado,Norte,26087,Moto,694,0,Sí,Baja
483,19,Masculino,Profesor,Divorciado,Oeste,45816,Moto,1172,0,No,Baja
484,49,Femenino,Comerciante,Soltero,Oeste,38408,Coche,1337,0,Sí,Alta
485,40,Masculino,Desempleado,Casado,Este,15136,Coche,1334,0,Sí,Media
486,39,Femenino,Abogado,Divorciado,Este,32413,Coche,1984,1,Sí,Alta
487,68,Masculino,Estudiante,Soltero,Sur,74500,SUV,1662,1,Sí,Alta
488,42,Femenino,Médico,Casado,Este,71358,Furgoneta,1938,1,Sí,Media
489,39,Femenino,Administrativo,Casado,Este,81197,Moto,1370,0,Sí,Media
490,39,Masculino,Médico,Divorciado,Norte,47854,SUV,234,0,No,Media
491,66,Femenino,Desempleado,Casado,Norte,31322,Moto,1198,0,No,Media
492,69,Masculino,Médico,Soltero,Este,21968,Coche,1532,2,Sí,Alta
493,59,Femenino,Desempleado,Casado,Sur,42518,SUV,737,0,Sí,Media
494,23,Masculino,Administrativo,Soltero,Norte,66925,Coche,949,0,Sí,Alta
495,32,Masculino,Comerciante,Casado,Este,74848,Moto,1237,1,Sí,Alta
496,71,Femenino,Estudiante,Divorciado,Este,16700,Moto,573,0,Sí,Media
497,60,Masculino,Profesor,Soltero,Oeste,38199,Furgoneta,756,0,Sí,Media
498,54,Masculino,Abogado,Casado,Sur,59589,Moto,1651,0,Sí,Alta
499,50,Femenino,Profesor,Casado,Oeste,47115,Coche,1951,1,Sí,Media
500,25,Masculino,Comerciante,Casado,Sur,76934,Moto,432,1,Sí,Alta
501,70,Masculino,Abogado,Soltero,Norte,69316,Furgoneta,904,0,Sí,Alta
502,61,Femenino,Médico,Soltero,Sur,20520,Furgoneta,762,2,No,Media
503,61,Femenino,Administrativo,Soltero,Este,51455,Coche,1138,0,Sí,Alta
504,22,Masculino,Administrativo,Divorciado,Este,56605,SUV,1086,0,Sí,Media
505,56,Masculino,Ingeniero,Divorciado,Sur,29955,Moto,925,1,Sí,Alta
506,21,Femenino,Comerciante,Soltero,Sur,59049,Furgoneta,1886,0,No,Media
507,23,Femenino,Comerciante,Casado,Sur,28917,Moto,1663,4,No,Alta
508,62,Masculino,Estudiante,Divorciado,Oeste,85293,Moto,1725,0,No,Alta
509,49,Femenino,Profesor,Soltero,Sur,79925,SUV,1498,0,Sí,Media
510,69,Masculino,Comerciante,Casado,Norte,85269,Furgoneta,275,0,Sí,Baja
511,47,Masculino,Comerciante,Divorciado,Oeste,45954,Moto,638,0,No,Alta
512,64,Masculino,Médico,Casado,Oeste,87617,Furgoneta,1955,0,Sí,Media
513,52,Masculino,Médico,Casado,Sur,56458,Coche,898,0,Sí,Media
514,72,Masculino,Abogado,Casado,Norte,36113,Coche,1512,0,No,Media
515,57,Femenino,Desempleado,Casado,Oeste,58939,Moto,1114,0,Sí,Baja
516,69,Femenino,Desempleado,Divorciado,Este,44345,Furgoneta,1763,0,Sí,Alta
517,33,Femenino,Ingeniero,Divorciado,Oeste,61313,Moto,1090,0,Sí,Baja
518,30,Femenino,Desempleado,Divorciado,Sur,84166,Furgoneta,891,0,Sí,Media
519,67,Masculino,Estudiante,Soltero,Norte,62861,Furgoneta,452,1,Sí,Media
520,59,Masculino,Ingeniero,Divorciado,Sur,64298,SUV,1349,0,No,Baja
521,47,Masculino,Abogado,Casado,Este,62221,SUV,1400,1,No,Media
522,36,Masculino,Médico,Divorciado,Este,59942,SUV,1260,0,Sí,Media
523,34,Femenino,Desempleado,Casado,Este,18453,Moto,609,0,No,Media
524,73,Masculino,Profesor,Soltero,Sur,69935,SUV,1834,0,Sí,Media
525,36,Masculino,Médico,Casado,Oeste,58370,SUV,1833,1,Sí,Alta
526,45,Femenino,Administrativo,Casado,Sur,23328,Coche,326,1,No,Media
527,72,Femenino,Estudiante,Casado,Norte,30534,Furgoneta,1706,0,No,Alta
528,43,Femenino,Médico,Soltero,Oeste,51320,Furgoneta,1391,0,No,Baja
529,54,Femenino,Estudiante,Divorciado,Este,64170,SUV,791,0,No,Baja
530,43,Masculino,Estudiante,Divorciado,Sur,23640,Furgoneta,493,0,No,Media
531,70,Masculino,Estudiante,Soltero,Este,45049,Coche,1861,0,No,Media
532,40,Femenino,Abogado,Casado,Este,20618,Coche,1566,0,Sí,Alta
533,26,Masculino,Estudiante,Divorciado,Norte,71053,SUV,1219,1,No,Alta
534,29,Masculino,Estudiante,Soltero,Oeste,16920,Coche,509,1,No,Baja
535,70,Masculino,Administrativo,Divorciado,Norte,58937,Furgoneta,861,0,No,Alta
536,18,Femenino,Profesor,Soltero,Norte,84724,Moto,727,0,Sí,Media
537,18,Masculino,Ingeniero,Casado,Norte,27207,Furgoneta,739,0,Sí,Baja
538,64,Femenino,Comerciante,Divorciado,Este,80774,Moto,618,1,Sí,Baja
539,51,Masculino,Administrativo,Soltero,Norte,47972,SUV,643,1,Sí,Media
540,49,Masculino,Ingeniero,Divorciado,Norte,25799,Moto,884,1,No,Media
541,71,Masculino,Estudiante,Divorciado,Oeste,86088,Coche,1781,1,Sí,Media
542,65,Femenino,Profesor,Divorciado,Oeste,43916,Furgoneta,1039,0,Sí,Baja
543,42,Masculino,Médico,Divorciado,Norte,85463,Moto,435,0,No,Media
544,57,Femenino,Profesor,Soltero,Oeste,52158,Furgoneta,1662,0,Sí,Media
545,62,Femenino,Administrativo,Casado,Oeste,86696,SUV,413,1,Sí,Alta
546,70,Femenino,Estudiante,Soltero,Norte,76510,SUV,284,0,Sí,Alta
547,18,Masculino,Profesor,Soltero,Este,73692,Coche,993,0,No,Media
548,33,Masculino,Desempleado,Soltero,Norte,76744,SUV,1967,0,Sí,Baja
549,56,Masculino,Profesor,Casado,Oeste,30810,Moto,284,0,No,Baja
550,22,Masculino,Estudiante,Divorciado,Este,20126,SUV,1712,1,Sí,Baja
551,39,Femenino,Abogado,Divorciado,Sur,45009,Coche,264,1,Sí,Media
552,46,Femenino,Desempleado,Divorciado,Este,15192,Furgoneta,1869,0,Sí,Media
553,72,Femenino,Profesor,Casado,Oeste,51413,Furgoneta,862,1,No,Baja
554,20,Masculino,Comerciante,Divorciado,Este,27816,SUV,826,0,Sí,Media
555,29,Femenino,Comerciante,Casado,Norte,54082,Moto,263,1,Sí,Media
556,43,Masculino,Profesor,Divorciado,Sur,80048,Coche,1566,0,Sí,Media
557,33,Femenino,Abogado,Divorciado,Sur,65940,Moto,1138,1,No,Baja
558,68,Masculino,Médico,Soltero,Sur,47130,Coche,1118,0,Sí,Alta
559,54,Masculino,Estudiante,Casado,Oeste,55142,SUV,1575,2,No,Baja
560,39,Femenino,Comerciante,Soltero,Oeste,51468,Coche,1381,0,No,Alta
561,74,Femenino,Médico,Soltero,Sur,45698,Coche,1812,0,Sí,Media
562,46,Femenino,Profesor,Soltero,Este,25655,SUV,690,2,Sí,Media
563,31,Femenino,Administrativo,Casado,Sur,62897,Moto,1881,0,Sí,Media
564,45,Masculino,Médico,Casado,Este,45075,SUV,1686,0,Sí,Media
565,22,Femenino,Desempleado,Divorciado,Este,24359,Coche,1448,1,Sí,Baja
566,64,Femenino,Ingeniero,Soltero,Oeste,57056,SUV,512,2,Sí,Media
567,66,Femenino,Comerciante,Divorciado,Este,66831,Coche,814,0,Sí,Alta
568,47,Masculino,Profesor,Soltero,Sur,74191,SUV,1118,0,Sí,Media
569,63,Masculino,Administrativo,Casado,Oeste,48272,Furgoneta,1012,0,Sí,Alta
570,69,Femenino,Estudiante,Casado,Norte,29671,Furgoneta,1139,0,Sí,Alta
571,22,Masculino,Administrativo,Casado,Norte,42048,SUV,1689,0,No,Media
572,29,Femenino,Abogado,Soltero,Oeste,40963,Moto,1311,1,No,Baja
573,33,Masculino,Desempleado,Casado,Sur,58954,Coche,1526,0,No,Media
574,43,Masculino,Profesor,Soltero,Norte,87309,Furgoneta,879,0,Sí,Media
575,43,Masculino,Estudiante,Divorciado,Norte,15717,Moto,634,0,Sí,Media
576,65,Masculino,Abogado,Soltero,Este,26676,Coche,881,1,Sí,Alta
577,38,Femenino,Abogado,Divorciado,Este,19434,Furgoneta,1358,0,Sí,Baja
578,56,Femenino,Profesor,Soltero,Sur,64810,Furgoneta,1273,0,Sí,Media
579,53,Femenino,Desempleado,Divorciado,Oeste,19994,SUV,1655,0,No,Baja
580,50,Masculino,Médico,Casado,Sur,19234,Coche,539,0,Sí,Alta
581,47,Femenino,Médico,Divorciado,Oeste,84300,Moto,546,0,Sí,Alta
582,54,Femenino,Abogado,Casado,Norte,58949,Moto,845,2,No,Baja
583,40,Femenino,Médico,Casado,Este,52405,Moto,1570,2,Sí,Media
584,27,Masculino,Ingeniero,Divorciado,Sur,49872,Coche,848,0,Sí,Alta
585,71,Masculino,Abogado,Soltero,Sur,57215,Moto,444,1,Sí,Alta
586,22,Masculino,Abogado,Soltero,Oeste,38185,Moto,308,2,Sí,Baja
587,53,Femenino,Estudiante,Soltero,Oeste,58442,Moto,732,2,No,Media
588,51,Femenino,Médico,Soltero,Sur,66759,SUV,1313,0,Sí,Media
589,69,Femenino,Desempleado,Soltero,Oeste,56153,SUV,495,0,Sí,Media
590,48,Masculino,Abogado,Casado,Sur,17581,Coche,311,0,No,Media
591,27,Masculino,Administrativo,Soltero,Sur,66717,Coche,1812,1,No,Baja
592,36,Femenino,Desempleado,Casado,Sur,17763,Moto,1400,0,No,Alta
593,49,Masculino,Ingeniero,Casado,Norte,70480,SUV,542,0,No,Media
594,18,Masculino,Estudiante,Casado,Oeste,53759,Furgoneta,1883,3,Sí,Baja
595,73,Masculino,Profesor,Divorciado,Este,40307,Furgoneta,300,2,Sí,Alta
596,22,Masculino,Desempleado,Divorciado,Este,26064,Moto,1981,0,Sí,Media
597,62,Femenino,Abogado,Casado,Oeste,52548,Moto,828,0,Sí,Media
598,21,Masculino,Ingeniero,Divorciado,Sur,51945,SUV,1827,1,No,Media
599,33,Masculino,Comerciante,Soltero,Este,62937,SUV,1624,0,No,Media
600,41,Masculino,Ingeniero,Soltero,Este,21476,SUV,227,1,Sí,Media
601,33,Masculino,Ingeniero,Casado,Oeste,66756,Coche,1136,0,Sí,Media
602,72,Femenino,Estudiante,Soltero,Este,17382,Coche,1760,1,Sí,Media
603,19,Femenino,Profesor,Casado,Sur,64683,Moto,257,1,No,Media
604,66,Masculino,Comerciante,Casado,Oeste,60276,Coche,1721,0,Sí,Alta
605,45,Masculino,Médico,Soltero,Sur,48402,SUV,496,1,No,Media
606,49,Masculino,Médico,Divorciado,Este,41946,SUV,333,0,No,Baja
607,44,Masculino,Desempleado,Soltero,Este,88933,Coche,1554,1,No,Media
608,37,Masculino,Ingeniero,Soltero,Sur,37335,Furgoneta,448,2,No,Media
609,41,Masculino,Administrativo,Casado,Norte,60095,Moto,1220,0,No,Media
610,29,Femenino,Estudiante,Casado,Este,42197,Furgoneta,749,1,Sí,Baja
611,67,Masculino,Administrativo,Casado,Norte,37010,Moto,1101,0,Sí,Baja
612,52,Femenino,Estudiante,Casado,Este,39123,Furgoneta,1298,0,Sí,Alta
613,50,Femenino,Médico,Divorciado,Norte,17890,Coche,1877,0,Sí,Media
614,50,Masculino,Desempleado,Divorciado,Norte,23026,Moto,1033,0,No,Media
615,68,Femenino,Desempleado,Divorciado,Norte,79925,Moto,1391,1,Sí,Media
616,60,Femenino,Desempleado,Casado,Sur,83842,Moto,970,0,No,Alta
617,54,Femenino,Comerciante,Casado,Norte,48665,SUV,1726,2,Sí,Baja
618,29,Femenino,Profesor,Casado,Norte,24277,SUV,1578,0,Sí,Alta
619,20,Femenino,Comerciante,Divorciado,Norte,57239,Furgoneta,1448,1,No,Media
620,18,Femenino,Abogado,Casado,Este,62664,Coche,1887,2,Sí,Media
621,50,Masculino,Abogado,Soltero,Norte,63008,SUV,1754,0,Sí,Alta
622,57,Femenino,Administrativo,Soltero,Este,29683,Moto,345,1,Sí,Baja
623,27,Femenino,Profesor,Casado,Norte,15670,SUV,1464,1,No,Baja
624,60,Femenino,Médico,Soltero,Norte,32889,Coche,1092,0,Sí,Media
625,61,Masculino,Profesor,Soltero,Sur,70612,SUV,543,0,Sí,Media
626,46,Femenino,Estudiante,Divorciado,Este,59535,Moto,1972,0,Sí,Alta
627,30,Masculino,Abogado,Casado,Norte,69319,Furgoneta,1258,0,No,Media
628,29,Femenino,Ingeniero,Casado,Este,36639,Moto,901,0,No,Alta
629,48,Masculino,Ingeniero,Divorciado,Este,79712,Coche,200,0,Sí,Media
630,63,Masculino,Médico,Soltero,Oeste,31633,Furgoneta,352,1,Sí,Baja
631,19,Femenino,Estudiante,Soltero,Sur,49660,SUV,628,1,No,Alta
632,68,Femenino,Administrativo,Casado,Sur,83975,SUV,707,1,Sí,Baja
633,67,Masculino,Comerciante,Soltero,Sur,47172,SUV,1349,1,Sí,Alta
634,52,Femenino,Estudiante,Divorciado,Oeste,74197,Furgoneta,690,0,Sí,Baja
635,40,Masculino,Ingeniero,Divorciado,Oeste,73847,Moto,1705,0,No,Alta
636,34,Masculino,Ingeniero,Casado,Sur,26577,Furgoneta,544,0,Sí,Media
637,43,Masculino,Administrativo,Divorciado,Oeste,35176,Furgoneta,1961,1,Sí,Alta
638,25,Masculino,Abogado,Divorciado,Oeste,59386,Coche,420,2,No,Baja
639,46,Masculino,Estudiante,Casado,Oeste,78972,Furgoneta,922,1,No,Media
640,43,Femenino,Estudiante,Divorciado,Sur,56003,SUV,1248,0,Sí,Alta
641,27,Masculino,Ingeniero,Divorciado,Sur,34996,Moto,727,0,Sí,Media
642,43,Masculino,Comerciante,Divorciado,Sur,50931,Moto,1405,2,No,Media
643,51,Femenino,Médico,Soltero,Oeste,50710,Moto,1722,0,No,Media
644,68,Masculino,Desempleado,Casado,Sur,49693,SUV,1040,1,No,Baja
645,58,Femenino,Médico,Casado,Oeste,50740,SUV,1864,1,Sí,Media
646,24,Femenino,Estudiante,Casado,Norte,32374,SUV,1265,0,Sí,Alta
647,21,Femenino,Médico,Soltero,Oeste,60913,SUV,680,1,No,Alta
648,70,Masculino,Ingeniero,Soltero,Este,81025,SUV,1129,2,No,Media
649,67,Masculino,Ingeniero,Casado,Sur,59516,Furgoneta,1971,0,Sí,Media
650,62,Masculino,Administrativo,Soltero,Sur,41069,SUV,1071,2,Sí,Media
651,28,Femenino,Estudiante,Casado,Este,71233,SUV,1662,1,No,Alta
652,46,Masculino,Administrativo,Soltero,Oeste,74049,SUV,1625,0,Sí,Media
653,73,Femenino,Estudiante,Divorciado,Norte,54178,SUV,1769,1,Sí,Baja
654,53,Masculino,Desempleado,Divorciado,Este,47821,Moto,544,1,Sí,Alta
655,42,Femenino,Desempleado,Casado,Este,66727,SUV,244,1,Sí,Media
656,38,Masculino,Abogado,Soltero,Oeste,75935,Furgoneta,1869,0,Sí,Media
657,74,Masculino,Estudiante,Soltero,Sur,31999,Furgoneta,220,1,No,Media
658,53,Masculino,Comerciante,Divorciado,Oeste,77522,Furgoneta,1857,0,Sí,Media
659,27,Femenino,Médico,Divorciado,Este,53712,Coche,1293,0,Sí,Media
660,54,Femenino,Estudiante,Soltero,Este,79551,Moto,1072,0,Sí,Baja
661,26,Masculino,Profesor,Soltero,Sur,55172,SUV,247,1,Sí,Alta
662,41,Masculino,Abogado,Soltero,Sur,48722,Coche,1714,0,Sí,Media
663,52,Femenino,Profesor,Soltero,Sur,25625,SUV,750,0,Sí,Alta
664,66,Femenino,Ingeniero,Soltero,Oeste,82165,Coche,486,0,No,Media
665,52,Femenino,Desempleado,Soltero,Sur,21859,Coche,1201,0,Sí,Media
666,65,Masculino,Médico,Casado,Este,56609,Furgoneta,1233,0,Sí,Media
667,53,Femenino,Estudiante,Soltero,Este,58307,Furgoneta,741,0,Sí,Alta
668,35,Masculino,Profesor,Divorciado,Norte,36839,Coche,955,2,Sí,Media
669,66,Femenino,Médico,Casado,Oeste,42216,Furgoneta,473,0,No,Media
670,56,Masculino,Ingeniero,Soltero,Norte,67953,Coche,1155,0,Sí,Media
671,49,Femenino,Desempleado,Divorciado,Este,75593,Moto,799,0,No,Media
672,41,Femenino,Comerciante,Casado,Norte,87075,Furgoneta,1979,0,Sí,Media
673,40,Femenino,Abogado,Divorciado,Este,64522,Furgoneta,580,0,No,Baja
674,49,Femenino,Médico,Soltero,Norte,19886,Furgoneta,1552,0,Sí,Media
675,54,Femenino,Médico,Soltero,Sur,22485,Moto,678,0,No,Media
676,29,Masculino,Comerciante,Soltero,Norte,46455,Coche,214,0,Sí,Baja
677,66,Femenino,Médico,Soltero,Sur,31767,SUV,715,0,Sí,Alta
678,72,Femenino,Ingeniero,Casado,Sur,43453,Furgoneta,390,0,No,Alta
679,30,Femenino,Ingeniero,Casado,Oeste,68442,Coche,1391,0,No,Media
680,40,Masculino,Comerciante,Divorciado,Sur,66877,Moto,1744,0,Sí,Media
681,42,Femenino,Abogado,Soltero,Sur,27226,SUV,820,0,Sí,Baja
682,52,Masculino,Estudiante,Divorciado,Norte,37588,Furgoneta,1360,0,Sí,Baja
683,58,Femenino,Profesor,Casado,Este,46709,Moto,353,0,No,Media
684,47,Femenino,Estudiante,Soltero,Oeste,62788,Moto,1611,0,Sí,Media
685,34,Masculino,Médico,Soltero,Sur,52019,SUV,1432,0,Sí,Media
686,66,Femenino,Profesor,Casado,Oeste,59948,Coche,471,0,No,Media
687,37,Masculino,Administrativo,Casado,Norte,80133,Furgoneta,342,0,No,Media
688,65,Masculino,Comerciante,Casado,Sur,81458,Furgoneta,1834,1,No,Media
689,42,Femenino,Comerciante,Casado,Norte,42526,Coche,1292,0,No,Media
690,39,Masculino,Abogado,Casado,Oeste,88493,Coche,446,1,No,Alta
691,30,Femenino,Profesor,Soltero,Norte,67198,Coche,1484,0,Sí,Media
692,36,Femenino,Ingeniero,Casado,Oeste,58395,SUV,987,2,Sí,Alta
693,66,Masculino,Profesor,Soltero,Norte,39031,SUV,278,0,No,Baja
694,53,Masculino,Médico,Soltero,Oeste,52701,Furgoneta,1881,0,Sí,Alta
695,29,Masculino,Ingeniero,Casado,Este,40939,SUV,822,0,No,Baja
696,58,Masculino,Desempleado,Casado,Norte,64145,Moto,1993,0,Sí,Media
697,36,Femenino,Desempleado,Soltero,Norte,35324,Furgoneta,1828,0,Sí,Media
698,29,Femenino,Administrativo,Casado,Este,37867,SUV,724,0,No,Media
699,26,Masculino,Desempleado,Casado,Este,15203,Coche,971,2,No,Media
700,24,Femenino,Comerciante,Casado,Norte,31544,Moto,1137,1,Sí,Media
701,45,Femenino,Profesor,Divorciado,Este,30899,Coche,1844,1,No,Media
702,31,Femenino,Desempleado,Soltero,Sur,44063,Furgoneta,1553,0,No,Media
703,48,Femenino,Estudiante,Divorciado,Oeste,18748,Coche,1412,0,Sí,Media
704,69,Masculino,Abogado,Casado,Oeste,81629,SUV,1318,0,Sí,Media
705,36,Masculino,Estudiante,Divorciado,Oeste,35884,SUV,816,0,No,Alta
706,64,Femenino,Desempleado,Casado,Sur,40183,Furgoneta,1231,1,No,Media
707,33,Masculino,Administrativo,Divorciado,Este,86246,Coche,266,0,Sí,Baja
708,70,Masculino,Abogado,Casado,Este,34259,Furgoneta,1719,0,No,Alta
709,22,Masculino,Médico,Divorciado,Norte,50959,Coche,390,0,No,Media
710,52,Femenino,Estudiante,Divorciado,Este,48457,Moto,1589,4,Sí,Media
711,29,Femenino,Administrativo,Divorciado,Norte,17103,SUV,967,0,No,Media
712,42,Femenino,Profesor,Soltero,Sur,80901,Furgoneta,720,0,Sí,Alta
713,69,Masculino,Profesor,Divorciado,Oeste,59535,Moto,1189,1,Sí,Media
714,38,Femenino,Estudiante,Soltero,Oeste,31103,Moto,1340,0,No,Alta
715,53,Femenino,Desempleado,Casado,Oeste,27391,Furgoneta,466,1,No,Alta
716,70,Masculino,Administrativo,Divorciado,Este,43901,Furgoneta,1834,0,No,Media
717,40,Femenino,Profesor,Casado,Norte,82914,Moto,684,1,Sí,Media
718,33,Femenino,Médico,Casado,Norte,65357,Coche,1732,0,Sí,Baja
719,74,Masculino,Ingeniero,Divorciado,Sur,53437,Moto,1521,1,Sí,Alta
720,56,Masculino,Desempleado,Soltero,Este,50503,Furgoneta,1387,1,Sí,Media
721,62,Masculino,Administrativo,Divorciado,Sur,56258,Moto,575,0,Sí,Alta
722,70,Femenino,Médico,Casado,Norte,48724,Coche,852,1,Sí,Media
723,59,Femenino,Administrativo,Casado,Norte,79286,SUV,1491,0,Sí,Baja
724,56,Femenino,Abogado,Divorciado,Oeste,89842,SUV,748,1,No,Baja
725,31,Masculino,Médico,Soltero,Este,29908,Moto,1297,0,Sí,Alta
726,48,Masculino,Desempleado,Soltero,Norte,65626,Coche,1731,0,Sí,Media
727,22,Femenino,Abogado,Casado,Oeste,52228,SUV,272,0,Sí,Media
728,52,Femenino,Desempleado,Casado,Este,38386,Moto,507,0,Sí,Alta
729,40,Masculino,Profesor,Soltero,Sur,61754,Moto,398,0,Sí,Alta
730,46,Masculino,Ingeniero,Divorciado,Este,43302,Coche,1353,2,Sí,Baja
731,60,Masculino,Desempleado,Casado,Este,75815,Furgoneta,1981,0,No,Baja
732,28,Masculino,Desempleado,Soltero,Norte,78344,Moto,771,0,Sí,Baja
733,35,Femenino,Profesor,Casado,Norte,50618,Furgoneta,990,0,No,Media
734,64,Masculino,Comerciante,Divorciado,Este,76114,Furgoneta,1838,1,No,Media
735,29,Femenino,Profesor,Soltero,Norte,85130,SUV,1710,1,No,Media
736,26,Femenino,Abogado,Casado,Norte,40525,Furgoneta,1374,0,Sí,Alta
737,27,Femenino,Profesor,Divorciado,Norte,29334,Coche,1892,0,No,Alta
738,61,Masculino,Profesor,Casado,Oeste,77767,SUV,1429,0,Sí,Media
739,34,Masculino,Ingeniero,Divorciado,Oeste,21644,SUV,378,1,Sí,Media
740,55,Masculino,Profesor,Divorciado,Este,47933,SUV,396,0,No,Baja
741,24,Masculino,Administrativo,Soltero,Norte,58469,Moto,934,1,No,Baja
742,63,Femenino,Desempleado,Divorciado,Oeste,48687,Moto,288,0,Sí,Baja
743,30,Masculino,Administrativo,Casado,Este,67656,Furgoneta,998,0,Sí,Baja
744,57,Masculino,Ingeniero,Divorciado,Norte,32375,SUV,1657,0,Sí,Alta
745,59,Femenino,Estudiante,Divorciado,Sur,80206,SUV,987,0,Sí,Media
746,26,Masculino,Comerciante,Soltero,Norte,51607,Coche,947,1,Sí,Media
747,67,Femenino,Administrativo,Divorciado,Norte,38993,Furgoneta,1406,0,No,Alta
748,44,Femenino,Ingeniero,Divorciado,Oeste,59386,Coche,408,0,No,Baja
749,19,Femenino,Abogado,Casado,Este,61287,Furgoneta,692,2,No,Baja
750,22,Femenino,Estudiante,Soltero,Este,86196,Furgoneta,1353,0,Sí,Alta
751,46,Femenino,Ingeniero,Soltero,Oeste,85014,Moto,864,1,No,Alta
752,54,Femenino,Ingeniero,Soltero,Norte,23210,Moto,1236,1,No,Media
753,55,Femenino,Comerciante,Divorciado,Sur,25922,Coche,1857,1,No,Media
754,36,Femenino,Desempleado,Soltero,Norte,51289,Furgoneta,1070,0,Sí,Baja
755,25,Masculino,Administrativo,Divorciado,Norte,48340,SUV,931,0,Sí,Alta
756,65,Masculino,Abogado,Divorciado,Sur,54850,Moto,1329,0,Sí,Alta
757,62,Masculino,Médico,Casado,Oeste,71984,SUV,1598,1,Sí,Alta
758,18,Masculino,Administrativo,Casado,Este,26094,Coche,1805,1,No,Alta
759,39,Femenino,Médico,Casado,Oeste,48418,Moto,1930,1,No,Alta
760,69,Masculino,Ingeniero,Casado,Oeste,20741,Moto,897,0,Sí,Baja
761,34,Femenino,Profesor,Casado,Norte,87374,Furgoneta,1322,0,Sí,Media
762,24,Masculino,Abogado,Divorciado,Este,83798,Coche,793,2,Sí,Media
763,42,Masculino,Estudiante,Divorciado,Este,85532,Furgoneta,1810,0,Sí,Alta
764,62,Masculino,Profesor,Soltero,Oeste,37164,Moto,1085,0,Sí,Alta
765,21,Femenino,Profesor,Divorciado,Sur,50595,Coche,1051,0,No,Baja
766,53,Masculino,Administrativo,Divorciado,Oeste,45257,Moto,1415,1,Sí,Media
767,23,Femenino,Abogado,Casado,Sur,29211,Coche,524,0,No,Media
768,48,Femenino,Desempleado,Divorciado,Este,20232,Moto,1178,1,Sí,Media
769,36,Masculino,Ingeniero,Casado,Oeste,82753,SUV,1949,1,Sí,Media
770,61,Masculino,Ingeniero,Soltero,Norte,67691,SUV,1155,0,Sí,Media
771,71,Masculino,Ingeniero,Soltero,Oeste,40613,Furgoneta,1690,0,No,Media
772,56,Femenino,Ingeniero,Divorciado,Este,29026,SUV,1093,0,Sí,Baja
773,44,Masculino,Administrativo,Soltero,Norte,68535,Moto,1590,0,No,Alta
774,27,Femenino,Médico,Divorciado,Norte,45908,Moto,1541,0,Sí,Media
775,43,Femenino,Ingeniero,Soltero,Sur,67113,SUV,343,0,No,Alta
776,36,Masculino,Médico,Casado,Norte,34610,Furgoneta,583,1,No,Media
777,56,Masculino,Médico,Casado,Norte,61646,SUV,415,0,Sí,Baja
778,20,Femenino,Desempleado,Casado,Oeste,78185,Coche,1584,0,No,Media
779,62,Femenino,Ingeniero,Casado,Este,87567,Coche,523,1,Sí,Media
780,30,Femenino,Comerciante,Divorciado,Sur,62574,Coche,1238,2,No,Baja
781,67,Masculino,Estudiante,Soltero,Oeste,51182,SUV,416,0,Sí,Media
782,45,Femenino,Profesor,Divorciado,Norte,15570,SUV,1715,0,Sí,Alta
783,37,Masculino,Médico,Casado,Norte,34288,SUV,1150,0,No,Alta
784,45,Femenino,Abogado,Divorciado,Sur,44877,Coche,1770,2,No,Media
785,25,Femenino,Abogado,Soltero,Este,15917,Furgoneta,382,0,Sí,Media
786,58,Masculino,Estudiante,Divorciado,Sur,79575,Moto,469,1,No,Media
787,56,Femenino,Abogado,Soltero,Oeste,87518,SUV,1144,0,Sí,Media
788,18,Masculino,Comerciante,Divorciado,Sur,54104,Furgoneta,1690,0,Sí,Baja
789,20,Masculino,Abogado,Soltero,Norte,33062,Moto,1069,0,No,Alta
790,30,Femenino,Profesor,Soltero,Oeste,31999,Moto,1835,1,Sí,Media
791,45,Masculino,Profesor,Casado,Norte,76845,Moto,1742,0,Sí,Alta
792,74,Masculino,Médico,Soltero,Este,24941,Furgoneta,1765,1,No,Baja
793,66,Femenino,Ingeniero,Casado,Norte,76169,Furgoneta,666,1,Sí,Alta
794,42,Masculino,Desempleado,Casado,Norte,38470,Coche,504,0,No,Media
795,73,Masculino,Comerciante,Casado,Sur,74821,Furgoneta,1367,1,Sí,Alta
796,50,Masculino,Médico,Divorciado,Norte,59435,Furgoneta,310,0,Sí,Media
797,55,Femenino,Comerciante,Divorciado,Oeste,19529,Furgoneta,1213,0,Sí,Baja
798,70,Masculino,Ingeniero,Divorciado,Oeste,27192,Moto,431,0,No,Media
799,23,Femenino,Administrativo,Divorciado,Este,89102,SUV,1914,0,No,Media
800,61,Femenino,Abogado,Soltero,Oeste,87762,Coche,1807,3,Sí,Media
801,62,Masculino,Abogado,Soltero,Sur,49087,SUV,1945,0,Sí,Media
802,49,Masculino,Desempleado,Divorciado,Este,81677,SUV,1955,0,No,Baja
803,62,Masculino,Ingeniero,Soltero,Oeste,19627,Furgoneta,1815,1,Sí,Alta
804,64,Femenino,Médico,Soltero,Sur,71541,Coche,1723,1,No,Media
805,38,Masculino,Desempleado,Casado,Oeste,83226,SUV,794,0,Sí,Alta
806,33,Masculino,Ingeniero,Casado,Oeste,18255,SUV,1777,0,No,Alta
807,71,Masculino,Estudiante,Casado,Norte,72433,Coche,1496,2,Sí,Media
808,38,Masculino,Profesor,Casado,Oeste,20213,Furgoneta,1926,0,No,Media
809,28,Masculino,Desempleado,Soltero,Oeste,34404,SUV,372,1,No,Media
810,54,Femenino,Desempleado,Divorciado,Sur,40380,Moto,1172,0,Sí,Media
811,53,Femenino,Médico,Soltero,Sur,34173,SUV,1230,0,Sí,Alta
812,52,Masculino,Comerciante,Soltero,Norte,68027,Moto,1378,0,No,Alta
813,36,Masculino,Estudiante,Soltero,Oeste,38989,Furgoneta,1745,0,No,Media
814,37,Masculino,Médico,Casado,Norte,39519,SUV,745,0,Sí,Baja
815,74,Masculino,Ingeniero,Casado,Oeste,37439,Coche,747,0,Sí,Alta
816,35,Femenino,Ingeniero,Casado,Este,29995,Coche,717,0,No,Media
817,64,Masculino,Ingeniero,Divorciado,Este,38559,SUV,1113,3,Sí,Media
818,58,Femenino,Administrativo,Soltero,Norte,20021,Furgoneta,414,0,No,Media
819,66,Femenino,Ingeniero,Divorciado,Norte,36119,Furgoneta,333,0,Sí,Baja
820,31,Masculino,Comerciante,Casado,Norte,66539,Coche,484,1,No,Baja
821,32,Femenino,Estudiante,Divorciado,Sur,54350,SUV,1349,0,No,Media
822,48,Femenino,Abogado,Soltero,Sur,61223,Furgoneta,1662,1,No,Alta
823,18,Femenino,Profesor,Soltero,Sur,40517,Coche,885,0,Sí,Baja
824,70,Femenino,Comerciante,Casado,Norte,37250,Moto,1375,2,No,Media
825,71,Masculino,Comerciante,Casado,Oeste,81798,SUV,530,2,Sí,Alta
826,71,Masculino,Administrativo,Divorciado,Este,69199,Moto,1761,0,Sí,Media
827,20,Femenino,Abogado,Casado,Norte,74546,Moto,1606,0,Sí,Baja
828,33,Masculino,Abogado,Casado,Sur,18327,Furgoneta,1338,1,Sí,Baja
829,40,Masculino,Profesor,Soltero,Sur,44768,Furgoneta,1093,1,No,Alta
830,74,Masculino,Profesor,Casado,Norte,79418,Furgoneta,1705,0,Sí,Media
831,28,Masculino,Abogado,Casado,Norte,57788,SUV,1507,1,No,Baja
832,29,Masculino,Ingeniero,Soltero,Sur,61830,Moto,1098,0,No,Alta
833,27,Femenino,Comerciante,Soltero,Oeste,67446,SUV,1298,0,No,Media
834,49,Masculino,Médico,Divorciado,Sur,30160,Furgoneta,1389,0,Sí,Media
835,33,Masculino,Profesor,Casado,Sur,71583,Moto,1412,1,Sí,Media
836,25,Masculino,Administrativo,Soltero,Norte,48998,SUV,277,0,No,Alta
837,55,Masculino,Administrativo,Divorciado,Oeste,42230,SUV,1146,0,Sí,Media
838,29,Femenino,Profesor,Divorciado,Sur,24076,Coche,1825,1,Sí,Baja
839,41,Femenino,Abogado,Casado,Sur,84341,SUV,887,0,Sí,Media
840,45,Femenino,Estudiante,Casado,Este,46085,Furgoneta,220,1,Sí,Media
841,70,Femenino,Médico,Divorciado,Norte,70571,SUV,765,1,No,Media
842,25,Masculino,Médico,Soltero,Este,29715,Moto,1407,0,Sí,Alta
843,45,Femenino,Profesor,Divorciado,Este,20750,SUV,1445,0,Sí,Media
844,53,Masculino,Ingeniero,Casado,Sur,50903,Coche,1026,1,Sí,Media
845,43,Masculino,Estudiante,Soltero,Norte,87489,Moto,1551,0,Sí,Baja
846,25,Masculino,Médico,Soltero,Oeste,47093,Moto,378,1,Sí,Alta
847,67,Masculino,Profesor,Divorciado,Sur,49314,Coche,1335,0,Sí,Media
848,45,Masculino,Administrativo,Casado,Oeste,63225,Furgoneta,1959,0,Sí,Media
849,45,Femenino,Médico,Divorciado,Oeste,50179,Moto,1949,1,No,Baja
850,54,Femenino,Desempleado,Divorciado,Norte,40338,Furgoneta,1282,0,Sí,Alta
851,58,Femenino,Estudiante,Divorciado,Este,84681,Moto,1550,0,Sí,Alta
852,53,Femenino,Estudiante,Soltero,Norte,47101,Moto,1104,0,Sí,Alta
853,44,Masculino,Desempleado,Soltero,Oeste,17775,Furgoneta,1844,3,Sí,Baja
854,71,Femenino,Comerciante,Casado,Sur,60619,Moto,868,1,No,Alta
855,34,Masculino,Administrativo,Casado,Oeste,60838,Furgoneta,390,1,Sí,Alta
856,26,Femenino,Desempleado,Divorciado,Sur,34539,Coche,1423,0,Sí,Alta
857,50,Masculino,Abogado,Divorciado,Sur,72124,Furgoneta,1535,1,Sí,Media
858,70,Masculino,Abogado,Divorciado,Norte,80149,Coche,907,1,No,Alta
859,37,Femenino,Profesor,Casado,Oeste,41616,Moto,1258,1,Sí,Media
860,30,Masculino,Estudiante,Soltero,Este,69567,Furgoneta,578,1,No,Alta
861,45,Masculino,Comerciante,Soltero,Oeste,52099,Moto,586,0,Sí,Media
862,65,Femenino,Comerciante,Divorciado,Oeste,76799,Furgoneta,1981,0,No,Media
863,46,Masculino,Médico,Divorciado,Este,40479,Coche,436,0,No,Media
864,30,Femenino,Médico,Divorciado,Norte,61172,Coche,815,0,Sí,Baja
865,63,Femenino,Desempleado,Divorciado,Oeste,70863,Furgoneta,1742,1,Sí,Baja
866,52,Femenino,Comerciante,Casado,Oeste,57043,Coche,482,0,Sí,Media
867,23,Masculino,Desempleado,Soltero,Sur,30408,Moto,200,2,Sí,Media
868,35,Masculino,Administrativo,Divorciado,Oeste,72980,Moto,1954,1,Sí,Media
869,68,Masculino,Desempleado,Casado,Este,31351,SUV,663,0,Sí,Baja
870,22,Femenino,Médico,Divorciado,Sur,19131,Coche,1453,0,Sí,Media
871,64,Masculino,Estudiante,Divorciado,Norte,59825,Moto,1166,0,Sí,Media
872,42,Femenino,Desempleado,Soltero,Sur,26349,Furgoneta,371,3,Sí,Media
873,19,Femenino,Ingeniero,Divorciado,Este,75931,Coche,1310,0,Sí,Baja
874,27,Masculino,Estudiante,Soltero,Este,59254,Moto,1776,0,Sí,Alta
875,73,Femenino,Comerciante,Soltero,Sur,53225,Coche,1346,0,No,Alta
876,47,Masculino,Comerciante,Soltero,Norte,27453,Furgoneta,1042,1,Sí,Media
877,67,Masculino,Desempleado,Casado,Sur,33814,Moto,1521,2,No,Alta
878,62,Masculino,Estudiante,Casado,Norte,33263,SUV,889,0,Sí,Media
879,22,Masculino,Médico,Soltero,Sur,30735,SUV,774,0,Sí,Alta
880,72,Masculino,Médico,Divorciado,Este,30830,Coche,1707,2,Sí,Media
881,73,Femenino,Abogado,Soltero,Oeste,62893,Furgoneta,364,0,Sí,Baja
882,50,Femenino,Comerciante,Divorciado,Oeste,59673,Moto,1922,0,No,Media
883,71,Femenino,Profesor,Soltero,Norte,60066,Furgoneta,582,0,No,Media
884,18,Masculino,Abogado,Divorciado,Norte,18373,Moto,408,0,Sí,Alta
885,35,Masculino,Médico,Casado,Norte,25335,Coche,1962,0,No,Alta
886,49,Masculino,Estudiante,Divorciado,Este,38741,Moto,1655,0,Sí,Baja
887,64,Femenino,Administrativo,Soltero,Sur,25692,Furgoneta,1612,1,No,Media
888,66,Masculino,Médico,Casado,Este,62295,Furgoneta,1783,0,No,Media
889,28,Femenino,Estudiante,Divorciado,Oeste,60541,Coche,423,0,Sí,Baja
890,38,Femenino,Abogado,Divorciado,Norte,49057,Furgoneta,202,0,Sí,Baja
891,43,Masculino,Comerciante,Divorciado,Sur,81983,Moto,571,0,Sí,Baja
892,42,Masculino,Médico,Divorciado,Oeste,34583,Coche,1910,0,No,Media
893,39,Femenino,Desempleado,Divorciado,Oeste,37765,Moto,1669,0,Sí,Alta
894,44,Masculino,Estudiante,Casado,Oeste,74287,Furgoneta,810,0,No,Media
895,66,Femenino,Comerciante,Casado,Este,38906,Coche,315,1,No,Media
896,30,Masculino,Administrativo,Casado,Norte,61525,Moto,1493,1,Sí,Alta
897,50,Masculino,Administrativo,Casado,Oeste,53230,Furgoneta,646,0,Sí,Media
898,51,Femenino,Profesor,Soltero,Norte,34520,Furgoneta,1591,0,No,Alta
899,58,Masculino,Estudiante,Casado,Este,66934,SUV,1476,0,Sí,Media
900,52,Femenino,Abogado,Divorciado,Oeste,40566,Furgoneta,1540,3,No,Media
901,18,Masculino,Profesor,Divorciado,Este,88193,Moto,614,0,Sí,Media
902,38,Femenino,Profesor,Casado,Este,45134,Coche,1318,0,Sí,Media
903,65,Femenino,Ingeniero,Divorciado,Norte,25345,SUV,1091,0,Sí,Baja
904,72,Masculino,Médico,Casado,Oeste,56185,Furgoneta,1247,2,No,Media
905,23,Femenino,Estudiante,Divorciado,Este,85744,Furgoneta,1851,1,Sí,Media
906,45,Masculino,Profesor,Soltero,Oeste,48455,Furgoneta,862,0,No,Baja
907,34,Masculino,Ingeniero,Soltero,Norte,43018,Moto,1273,0,Sí,Media
908,22,Masculino,Abogado,Casado,Este,69219,SUV,1725,1,No,Baja
909,48,Femenino,Comerciante,Casado,Norte,60991,Moto,917,0,Sí,Alta
910,22,Femenino,Desempleado,Casado,Oeste,88616,SUV,1721,0,Sí,Media
911,55,Masculino,Desempleado,Divorciado,Oeste,24486,Coche,1558,0,No,Alta
912,20,Masculino,Estudiante,Casado,Norte,53862,Moto,1302,1,Sí,Alta
913,70,Femenino,Profesor,Soltero,Sur,73870,Moto,1805,0,Sí,Baja
914,40,Masculino,Desempleado,Divorciado,Este,58856,Coche,1250,0,Sí,Alta
915,54,Masculino,Médico,Casado,Oeste,46379,SUV,470,0,No,Media
916,70,Femenino,Desempleado,Divorciado,Oeste,79729,Furgoneta,761,0,No,Media
917,54,Masculino,Desempleado,Divorciado,Este,43378,Coche,1003,1,Sí,Media
918,27,Femenino,Desempleado,Casado,Norte,69353,Furgoneta,446,1,Sí,Media
919,27,Masculino,Administrativo,Divorciado,Norte,64996,Furgoneta,1999,0,No,Media
920,36,Femenino,Ingeniero,Soltero,Norte,29031,Coche,1814,0,Sí,Alta
921,34,Masculino,Profesor,Soltero,Sur,80982,SUV,586,3,No,Media
922,38,Masculino,Médico,Divorciado,Sur,51683,Furgoneta,901,0,Sí,Media
923,31,Femenino,Profesor,Casado,Oeste,32618,Coche,758,1,No,Media
924,26,Masculino,Administrativo,Divorciado,Norte,21587,Moto,1172,0,No,Media
925,63,Femenino,Estudiante,Soltero,Este,77790,Moto,1584,1,No,Baja
926,18,Masculino,Estudiante,Divorciado,Oeste,46480,Moto,1183,0,No,Media
927,68,Femenino,Estudiante,Divorciado,Este,35527,Coche,1711,0,Sí,Media
928,62,Femenino,Abogado,Soltero,Oeste,38569,Moto,551,0,Sí,Alta
929,30,Femenino,Desempleado,Divorciado,Sur,26151,Furgoneta,1924,0,Sí,Media
930,21,Femenino,Abogado,Divorciado,Oeste,86094,Moto,1479,0,No,Media
931,18,Masculino,Ingeniero,Casado,Sur,74174,Moto,1445,0,No,Alta
932,66,Masculino,Estudiante,Casado,Oeste,59739,Furgoneta,952,0,No,Media
933,57,Femenino,Administrativo,Soltero,Norte,47954,Moto,980,0,Sí,Media
934,49,Femenino,Médico,Soltero,Este,50303,Furgoneta,1224,1,Sí,Media
935,51,Femenino,Profesor,Soltero,Norte,49700,Moto,745,0,Sí,Alta
936,45,Masculino,Desempleado,Casado,Oeste,82568,Furgoneta,1669,0,No,Media
937,48,Masculino,Comerciante,Soltero,Oeste,81788,Moto,278,1,Sí,Alta
938,25,Masculino,Médico,Soltero,Oeste,86045,Furgoneta,1459,0,Sí,Baja
939,56,Masculino,Desempleado,Soltero,Sur,52842,Coche,533,0,No,Alta
940,43,Femenino,Abogado,Casado,Este,28900,Furgoneta,1088,1,Sí,Media
941,51,Femenino,Abogado,Divorciado,Este,16881,Moto,1572,0,Sí,Media
942,71,Femenino,Médico,Soltero,Oeste,48037,Moto,1321,0,Sí,Baja
943,71,Masculino,Abogado,Divorciado,Oeste,16630,SUV,1305,0,No,Alta
944,20,Masculino,Estudiante,Soltero,Sur,35789,Furgoneta,701,2,Sí,Media
945,67,Masculino,Ingeniero,Divorciado,Norte,61151,Coche,1700,1,No,Media
946,29,Femenino,Profesor,Casado,Norte,63920,Furgoneta,1927,0,Sí,Media
947,18,Femenino,Ingeniero,Casado,Este,82231,Furgoneta,964,1,No,Media
948,71,Masculino,Desempleado,Soltero,Sur,18262,Coche,1120,1,Sí,Media
949,61,Femenino,Profesor,Divorciado,Oeste,81981,Furgoneta,749,0,Sí,Baja
950,22,Masculino,Administrativo,Casado,Este,69722,Coche,213,1,No,Alta
951,47,Masculino,Profesor,Soltero,Sur,65818,Coche,591,1,No,Alta
952,47,Femenino,Ingeniero,Soltero,Norte,44932,Furgoneta,1570,1,Sí,Baja
953,74,Masculino,Médico,Casado,Sur,21901,Furgoneta,509,0,No,Alta
954,34,Femenino,Profesor,Casado,Norte,23597,Moto,585,2,Sí,Baja
955,65,Masculino,Administrativo,Soltero,Sur,78909,Moto,1432,1,No,Media
956,64,Femenino,Administrativo,Divorciado,Este,87391,SUV,1580,0,No,Media
957,40,Femenino,Administrativo,Divorciado,Norte,23263,SUV,1173,0,Sí,Alta
958,32,Femenino,Ingeniero,Divorciado,Este,78293,Furgoneta,1824,1,No,Alta
959,54,Masculino,Profesor,Soltero,Este,40805,Coche,1791,1,Sí,Media
960,38,Masculino,Comerciante,Casado,Norte,26874,SUV,1317,1,Sí,Baja
961,31,Femenino,Médico,Soltero,Norte,29079,Furgoneta,1316,1,No,Baja
962,19,Femenino,Estudiante,Casado,Oeste,64850,SUV,539,2,No,Alta
963,28,Masculino,Profesor,Divorciado,Oeste,87779,Coche,796,0,Sí,Alta
964,68,Masculino,Administrativo,Divorciado,Oeste,24018,Furgoneta,1668,1,Sí,Alta
965,56,Masculino,Comerciante,Casado,Este,64500,Coche,956,2,Sí,Baja
966,55,Femenino,Estudiante,Casado,Este,27100,Furgoneta,1245,0,No,Alta
967,51,Masculino,Estudiante,Soltero,Oeste,72021,SUV,490,0,Sí,Alta
968,55,Masculino,Desempleado,Divorciado,Este,34800,Moto,1708,0,Sí,Alta
969,67,Femenino,Profesor,Soltero,Este,78400,SUV,505,1,Sí,Media
970,51,Masculino,Ingeniero,Soltero,Norte,44437,SUV,833,0,Sí,Baja
971,35,Masculino,Profesor,Soltero,Norte,61675,Moto,1351,0,Sí,Media
972,47,Masculino,Comerciante,Divorciado,Este,34942,Moto,824,0,Sí,Alta
973,32,Femenino,Estudiante,Soltero,Oeste,35862,Furgoneta,1138,0,Sí,Media
974,44,Femenino,Profesor,Soltero,Sur,26669,Furgoneta,1496,1,Sí,Media
975,68,Femenino,Ingeniero,Soltero,Oeste,68772,Coche,1047,1,No,Alta
976,51,Femenino,Desempleado,Soltero,Sur,30916,Coche,641,0,Sí,Alta
977,69,Femenino,Profesor,Soltero,Oeste,25878,SUV,702,1,No,Media
978,74,Femenino,Médico,Soltero,Norte,17985,Moto,329,0,No,Alta
979,55,Femenino,Desempleado,Divorciado,Este,88648,Coche,1355,0,No,Alta
980,50,Masculino,Ingeniero,Soltero,Este,56235,SUV,796,0,No,Media
981,41,Masculino,Comerciante,Casado,Norte,33931,Moto,1705,0,Sí,Media
982,32,Femenino,Estudiante,Soltero,Sur,15336,Furgoneta,1061,0,Sí,Media
983,47,Masculino,Profesor,Soltero,Sur,57933,SUV,1613,0,Sí,Media
984,72,Masculino,Ingeniero,Divorciado,Sur,60536,Furgoneta,792,0,Sí,Media
985,59,Femenino,Desempleado,Divorciado,Norte,84504,Coche,1198,0,No,Media
986,68,Masculino,Médico,Casado,Sur,66148,Coche,524,0,No,Alta
987,34,Masculino,Ingeniero,Casado,Norte,31279,Moto,1292,0,No,Baja
988,22,Masculino,Abogado,Divorciado,Oeste,83665,SUV,1883,0,Sí,Alta
989,46,Masculino,Administrativo,Divorciado,Oeste,86386,Furgoneta,647,1,No,Media
990,21,Masculino,Médico,Soltero,Norte,89055,Moto,1751,1,Sí,Media
991,27,Femenino,Desempleado,Divorciado,Este,81670,Coche,1018,1,Sí,Media
992,73,Femenino,Comerciante,Casado,Oeste,69028,Coche,1840,1,Sí,Baja
993,34,Femenino,Estudiante,Soltero,Sur,86128,SUV,1388,0,No,Media
994,27,Masculino,Desempleado,Casado,Norte,33108,Furgoneta,1711,1,Sí,Baja
995,34,Femenino,Administrativo,Soltero,Sur,67495,SUV,1936,0,No,Baja
996,37,Masculino,Comerciante,Divorciado,Sur,71830,Furgoneta,908,2,No,Baja
997,41,Masculino,Profesor,Casado,Este,89640,Furgoneta,1649,0,No,Baja
998,22,Masculino,Ingeniero,Soltero,Sur,67509,SUV,1920,1,Sí,Baja
999,51,Masculino,Abogado,Soltero,Este,81406,Moto,464,2,No,Media
1000,23,Femenino,Médico,Divorciado,Oeste,54519,SUV,811,1,No,Media
